estacion,anio,n,media,frac
222,2007,2,7.499995,0.00022831050228310502
222,2008,8664,8.430136270198522,0.9863387978142076
222,2011,99,10.62747393939394,0.011301369863013699
222,2012,8356,10.867406204755863,0.9512750455373407
222,2013,6939,7.49526113479464,0.7921232876712329
222,2014,8380,8.92742887327327,0.95662100456621
222,2015,7375,9.147294653914576,0.8418949771689498
222,2016,8766,14.033216609980721,0.9979508196721312
222,2017,7661,10.784139873355306,0.8745433789954338
222,2018,7960,11.040526381909547,0.908675799086758
222,2019,4723,12.42797586279907,0.5391552511415525
236,2013,6524,11.346214869711833,0.7447488584474886
236,2014,8070,10.321141381784386,0.9212328767123288
236,2015,8589,9.506545639306088,0.9804794520547945
236,2016,8515,9.766696831943628,0.9693761384335154
236,2017,8580,9.222289863519814,0.9794520547945206
236,2018,8583,9.013354305021554,0.9797945205479452
236,2019,8570,8.470495915985998,0.978310502283105
236,2020,8523,6.8538730493957525,0.9702868852459017
236,2021,8447,9.777614537705693,0.9642694063926941
236,2022,8633,11.286549287617282,0.9855022831050229
236,2023,8642,9.3679206202268,0.9865296803652968
236,2024,8658,9.80923076923077,0.985655737704918
236,2025,8624,11.16919990723562,0.9844748858447488
236,2026,8,8.6675,0.0013020833333333333
251,2019,1770,9.660954802259887,0.20205479452054795
251,2020,3398,12.479102413184226,0.38683970856102
251,2021,7255,10.354387319090282,0.8281963470319634
251,2022,7165,11.029818562456384,0.8179223744292238
251,2023,7094,13.135489145756978,0.8098173515981735
251,2024,8009,9.622324884504932,0.911771402550091
251,2025,7491,13.403979441997064,0.8551369863013699
251,2026,1593,9.576880100439421,0.25927734375
309,2001,1,14.0425,0.00011415525114155251
309,2002,7567,1.916612530976609,0.8638127853881279
309,2003,8708,5.073241035025265,0.9940639269406393
309,2004,8501,4.038964703976003,0.9677823315118397
309,2005,7881,4.5519703582667175,0.8996575342465754
309,2006,8507,4.910559620665334,0.9711187214611872
309,2007,7704,4.793791763226896,0.8794520547945206
309,2008,8719,3.0680043701685973,0.9926001821493625
309,2009,8508,3.268691862364833,0.9712328767123287
309,2012,1,2.6,0.00011384335154826958
309,2018,2975,4.736040336134454,0.3396118721461187
309,2019,7263,2.856245353159851,0.8291095890410959
309,2020,8602,5.117930713787492,0.9792805100182149
309,2021,8090,4.079951792336217,0.9235159817351598
309,2022,8011,8.215276494819623,0.9144977168949772
309,2023,2320,4.512448275862068,0.2648401826484018
309,2024,8128,3.138975147637795,0.9253187613843351
309,2025,7814,3.4245200921423087,0.8920091324200913
309,2026,5482,4.881424662531923,0.8922526041666666
310,2001,1,0.0,0.00011415525114155251
310,2002,7255,3.243285192487939,0.8281963470319634
310,2003,8014,3.5511286280259546,0.9148401826484018
310,2004,4205,3.0114592432580265,0.47871129326047357
310,2005,7337,4.1712563089477985,0.8375570776255707
310,2006,8555,5.186373397779077,0.9765981735159818
310,2007,6840,5.849576765562866,0.7808219178082192
310,2008,8745,4.501114216220698,0.9955601092896175
310,2009,8221,6.447086742671208,0.9384703196347032
310,2012,1,2.5,0.00011384335154826958
310,2018,3060,13.885558823529411,0.3493150684931507
310,2019,6792,13.401598939929329,0.7753424657534247
310,2020,8434,6.605334360920085,0.9601548269581056
310,2021,8273,6.173217696119908,0.9444063926940639
310,2022,8361,5.810731969860065,0.9544520547945206
310,2023,8636,9.884071329319129,0.9858447488584475
310,2024,7455,7.878024144869215,0.8487021857923497
310,2025,8223,10.178647695488266,0.9386986301369863
310,2026,5400,6.740144444444444,0.87890625
503,2009,2913,7.562079855818743,0.3325342465753425
503,2010,8473,7.594473772807742,0.9672374429223745
503,2011,8573,8.579909405109063,0.9786529680365297
503,2012,8599,8.531161621118734,0.9789389799635702
503,2013,8518,8.992984883383423,0.9723744292237443
503,2014,8652,10.437593659616274,0.9876712328767123
503,2015,8549,9.943319536553984,0.9759132420091324
503,2016,8682,9.269505031306036,0.9883879781420765
503,2017,8612,9.163237392011148,0.9831050228310503
503,2018,8671,9.592901626110022,0.9898401826484018
503,2019,8631,7.88035221874638,0.9852739726027397
503,2020,8630,7.419904982618772,0.9824681238615665
503,2021,8545,8.183791691047396,0.9754566210045662
503,2022,8604,9.785026731752673,0.9821917808219178
503,2023,8507,9.043278476548725,0.9711187214611872
503,2024,8596,9.038779664960447,0.9785974499089253
503,2025,8437,6.803133815337206,0.9631278538812785
503,2026,5922,7.880825734549139,0.9638671875
504,2000,64,0.32589640625,0.007285974499089253
504,2009,2929,6.041733849026972,0.3343607305936073
504,2010,8620,6.421161387470998,0.9840182648401826
504,2011,8487,7.249999455638035,0.9688356164383561
504,2012,8653,7.178745442389922,0.9850865209471766
504,2013,8589,7.567124469670509,0.9804794520547945
504,2014,8618,7.524221916918078,0.9837899543378995
504,2015,8527,7.3144485025202295,0.9734018264840183
504,2016,8446,6.283286389770305,0.9615209471766849
504,2017,8447,6.1921638160293595,0.9642694063926941
504,2018,8653,7.711423783658846,0.9877853881278539
504,2019,8603,5.123936998721376,0.9820776255707763
504,2020,8646,4.903650242886884,0.9842896174863388
504,2021,8662,6.202519048718541,0.9888127853881279
504,2022,8613,5.626528503425055,0.9832191780821918
504,2023,8651,5.108061495780834,0.9875570776255708
504,2024,8470,4.871659976387249,0.9642531876138434
504,2025,8472,5.864786355051936,0.9671232876712329
504,2026,5815,6.358964746345658,0.9464518229166666
505,2009,2928,8.263877903005465,0.33424657534246577
505,2010,8682,8.663577877562773,0.9910958904109589
505,2011,8545,9.39154117612639,0.9754566210045662
505,2012,8646,8.952197254606755,0.9842896174863388
505,2013,8614,9.600381089273275,0.9833333333333333
505,2014,8660,6.550815100461894,0.9885844748858448
505,2015,8675,6.046797619596542,0.990296803652968
505,2016,8629,5.77322113410824,0.9823542805100182
505,2017,8632,5.54744844995366,0.9853881278538813
505,2018,8652,5.5705975496994915,0.9876712328767123
505,2019,8647,7.921985659766394,0.9871004566210045
505,2020,8672,8.983458256457565,0.9872495446265938
505,2021,8573,8.182804152572027,0.9786529680365297
505,2022,8590,7.887180442374855,0.980593607305936
505,2023,8639,7.527460354207664,0.9861872146118722
505,2024,8583,7.378296632878946,0.9771174863387978
505,2025,8522,7.113704529453179,0.9728310502283105
505,2026,5952,3.516876680107527,0.96875
509,2002,7973,6.411761816756553,0.9101598173515981
509,2003,8703,8.489601710904285,0.9934931506849315
509,2004,8499,10.017313762783857,0.9675546448087432
509,2005,8755,9.204985103048545,0.9994292237442922
509,2006,8713,8.898412286238955,0.9946347031963471
509,2007,8704,9.330684897748162,0.993607305936073
509,2008,8754,8.63338205620288,0.9965846994535519
509,2009,8737,9.683092009843195,0.9973744292237443
509,2010,8711,9.317446948685571,0.994406392694064
509,2011,8655,10.532252715193529,0.988013698630137
509,2012,8500,8.937755851411763,0.9676684881602914
509,2013,8517,8.84812616919103,0.9722602739726027
509,2014,8517,10.089452962240225,0.9722602739726027
509,2015,8708,10.042023762057878,0.9940639269406393
509,2016,8705,10.563884145893164,0.9910063752276868
509,2017,8596,10.322214322940901,0.9812785388127854
509,2018,8654,11.256863877975501,0.9878995433789954
509,2019,8501,10.979473003176096,0.9704337899543379
509,2020,8670,8.781803921568628,0.9870218579234973
509,2021,8477,10.031803704140616,0.9676940639269407
509,2022,8446,10.286720340989818,0.9641552511415525
509,2023,8651,8.747236157669633,0.9875570776255708
509,2024,8610,9.035354239256678,0.980191256830601
509,2025,8610,9.008793263646924,0.9828767123287672
509,2026,5842,11.25594317014721,0.9508463541666666
513,2000,8747,9.378863893906482,0.995787795992714
513,2001,8673,10.388386350743687,0.9900684931506849
513,2002,8632,10.752894841983318,0.9853881278538813
513,2003,8760,9.712599412671233,1.0
513,2004,8738,8.178138126001373,0.9947632058287796
513,2005,8682,10.595216928703064,0.9910958904109589
513,2006,8608,11.581187979786245,0.982648401826484
513,2007,8562,6.101794613408082,0.9773972602739726
513,2008,8652,8.334436679958392,0.9849726775956285
513,2009,8626,7.604387811065268,0.984703196347032
513,2010,7013,5.870763933927135,0.8005707762557077
513,2011,8603,7.765793888907822,0.9820776255707763
513,2012,7896,7.799205608144503,0.8989071038251366
513,2013,8588,8.633629585468094,0.9803652968036529
513,2014,8275,11.916221596990937,0.944634703196347
513,2015,8038,10.67732142370739,0.9175799086757991
513,2016,8324,8.92896203915185,0.947632058287796
513,2017,8197,9.215724230498962,0.9357305936073059
513,2018,7736,10.304990951396071,0.8831050228310502
513,2019,8480,8.318584905660378,0.9680365296803652
513,2020,8541,8.065932560590095,0.9723360655737705
513,2021,8722,11.835544599862416,0.995662100456621
513,2022,7946,11.218202869368236,0.9070776255707762
513,2023,8684,9.533164440350069,0.991324200913242
513,2024,8352,8.654469588122605,0.9508196721311475
513,2025,7776,7.9464917695473245,0.8876712328767123
513,2026,6116,7.886554937867888,0.9954427083333334
514,2000,8709,6.019290661384774,0.9914617486338798
514,2001,8704,7.245588200252757,0.993607305936073
514,2002,8677,6.0161627659329255,0.9905251141552511
514,2003,8760,7.058188599315068,1.0
514,2004,8770,6.707274913911061,0.9984061930783242
514,2005,8697,3.4179323730021847,0.9928082191780822
514,2006,8296,5.473253203308824,0.9470319634703196
514,2007,8209,9.696708681447193,0.9371004566210046
514,2008,8593,8.054361402124986,0.9782559198542805
514,2009,8623,5.512871223687812,0.9843607305936073
514,2010,6322,4.7578882042462824,0.721689497716895
514,2011,8454,5.022665691039626,0.9650684931506849
514,2012,7920,8.09535744126389,0.9016393442622951
514,2013,8559,4.940924424815983,0.977054794520548
514,2014,8536,8.564862004451735,0.9744292237442922
514,2015,8492,7.360769072350448,0.9694063926940639
514,2016,8444,6.0490766547844625,0.9612932604735883
514,2017,8305,5.775968462889825,0.9480593607305936
514,2018,7479,8.216911351784997,0.8537671232876712
514,2019,8198,7.164815808733838,0.9358447488584475
514,2020,8606,6.181917267023008,0.979735883424408
514,2021,8518,7.2079220474289745,0.9723744292237443
514,2022,8542,7.139385389838445,0.9751141552511415
514,2023,8533,6.414562287589359,0.9740867579908675
514,2024,8108,6.368406512086828,0.9230418943533698
514,2025,7476,4.683049759229535,0.8534246575342466
514,2026,6010,7.472034941763727,0.9781901041666666
515,2000,1371,6.213189277899343,0.1560792349726776
515,2001,8666,7.187506706669744,0.9892694063926941
515,2002,8674,5.776456533894398,0.9901826484018265
515,2003,8760,6.268999966894977,1.0
515,2004,8770,7.825253553021665,0.9984061930783242
515,2005,8401,3.760984017974051,0.9590182648401826
515,2006,8556,9.02824608111267,0.9767123287671233
515,2007,8263,8.774237930533705,0.9432648401826484
515,2008,8784,6.340183782445355,1.0
515,2009,8563,5.262954519968469,0.9775114155251141
515,2010,7078,3.76476355119158,0.8079908675799087
515,2011,8582,5.227105409251457,0.9796803652968037
515,2012,7918,5.517106337029553,0.9014116575591985
515,2013,8606,4.9829979161050435,0.9824200913242009
515,2014,8400,6.326832720401191,0.958904109589041
515,2015,8436,6.242559830322428,0.963013698630137
515,2016,8597,5.750581101422589,0.9787112932604736
515,2017,8321,6.1852416572527344,0.9498858447488584
515,2018,7558,6.350432654141307,0.8627853881278539
515,2019,8252,5.498536112457586,0.9420091324200913
515,2020,8510,5.302110458284371,0.9688069216757741
515,2021,8193,5.574967655315513,0.9352739726027397
515,2022,8265,4.645502722323049,0.9434931506849316
515,2023,8590,4.907703143189756,0.980593607305936
515,2024,8448,5.368277698863636,0.9617486338797814
515,2025,7589,5.635996837528001,0.866324200913242
515,2026,5973,5.9598292315419386,0.97216796875
529,2004,1419,7.410145672868217,0.16154371584699453
529,2005,7403,7.941671046872889,0.8450913242009133
529,2006,3090,5.875015310226536,0.3527397260273973
529,2007,8078,13.956237500618965,0.9221461187214612
529,2008,4957,15.553599794190035,0.5643214936247724
532,2019,3001,7.823948683772075,0.34257990867579907
532,2020,8678,10.093039870938004,0.9879326047358834
532,2021,8621,10.929000115995825,0.9841324200913242
532,2022,8611,12.95200789687609,0.9829908675799087
532,2023,8686,7.384751323969606,0.9915525114155251
532,2024,8679,6.864530475861274,0.9880464480874317
532,2025,8607,8.279199488788196,0.9825342465753425
532,2026,6070,7.52877924217463,0.9879557291666666
539,2012,4484,12.333646381467439,0.5104735883424408
539,2013,6807,6.011184623428823,0.7770547945205479
539,2014,8532,15.31852349939053,0.9739726027397261
539,2015,8670,36.81331768489042,0.9897260273972602
539,2016,8385,17.77170292728205,0.9545765027322405
539,2017,8666,8.591920754211863,0.9892694063926941
539,2018,8587,8.054078257831605,0.9802511415525114
539,2019,8519,7.5255029933090745,0.9724885844748858
539,2020,8749,8.136300148588411,0.9960154826958105
539,2021,8704,8.955604319852942,0.993607305936073
539,2022,8756,9.216145500228416,0.9995433789954338
539,2023,8696,9.297018169273228,0.9926940639269406
539,2024,8601,9.042400883618184,0.9791666666666666
539,2025,8650,9.092126011560694,0.9874429223744292
539,2026,5883,8.410176780554139,0.95751953125
540,2014,1489,4.067805768972464,0.1699771689497717
540,2015,8625,7.723093854028987,0.9845890410958904
540,2016,8581,6.3519033420463815,0.9768897996357013
540,2017,8609,3.7384872680915318,0.9827625570776256
540,2018,8579,3.2480230796130085,0.979337899543379
540,2019,8639,6.818635258710499,0.9861872146118722
540,2020,8697,7.336246981717833,0.9900956284153005
540,2021,8672,7.919426891143912,0.9899543378995433
540,2022,8680,8.569473502304147,0.9908675799086758
540,2023,8689,8.046550811370698,0.9918949771689498
540,2024,8681,7.38992627577468,0.9882741347905283
540,2025,8643,9.399894712484091,0.9866438356164383
540,2026,5751,7.471229351417145,0.93603515625
547,2011,1,1.439,0.00011415525114155251
547,2012,8041,6.2327160334784235,0.9154143897996357
547,2013,7189,5.852870372722214,0.820662100456621
547,2014,7158,5.647189828935457,0.8171232876712329
547,2015,8151,6.304216421213348,0.9304794520547945
547,2016,8754,6.48329276916838,0.9965846994535519
547,2017,8733,9.942479372838658,0.9969178082191781
547,2018,8615,6.582654672083575,0.9834474885844748
547,2019,8697,5.063900195469702,0.9928082191780822
547,2020,8550,5.138945029239767,0.9733606557377049
547,2021,8384,6.176365696564885,0.9570776255707762
547,2022,8494,5.315417942076761,0.969634703196347
547,2023,8477,5.297120443553144,0.9676940639269407
547,2024,8145,5.233086556169429,0.9272540983606558
547,2025,8387,5.6799260760701085,0.9574200913242009
547,2026,5966,6.280712370097218,0.9710286458333334
548,2012,1,6.50484,0.00011384335154826958
548,2013,8218,6.570648684569652,0.9381278538812785
548,2014,8493,8.103111513128459,0.9695205479452055
548,2015,8535,8.075354555008788,0.9743150684931506
548,2016,8671,8.423709517933341,0.9871357012750456
548,2017,8617,8.352576315423,0.983675799086758
548,2018,8609,8.056615170170751,0.9827625570776256
548,2019,8632,7.001117933271548,0.9853881278538813
548,2020,8669,7.633870111892953,0.986908014571949
548,2021,8648,6.329325855689177,0.9872146118721461
548,2022,8670,6.770026528258362,0.9897260273972602
548,2023,8672,6.855683809963099,0.9899543378995433
548,2024,8551,5.8575043854519935,0.9734744990892532
548,2025,8539,6.968358121559901,0.9747716894977169
548,2026,5976,6.862675702811245,0.97265625
609,2004,6200,12.15222430467742,0.7058287795992714
609,2005,6787,10.313907588094887,0.7747716894977169
609,2006,1927,7.223765741048261,0.21997716894977168
609,2007,8663,11.630068760752627,0.9889269406392694
609,2008,6707,9.259995170359327,0.7635473588342441
609,2009,8453,11.316793741109665,0.9649543378995433
609,2010,1372,7.83013322441691,0.15662100456621006
703,2013,6843,8.712826314335818,0.7811643835616439
703,2014,8738,8.094014710460058,0.9974885844748859
703,2015,8455,7.625427147250148,0.9651826484018264
703,2016,8654,7.2313187924659115,0.9852003642987249
703,2017,8699,9.138481354178642,0.9930365296803653
703,2018,8604,10.283826127382612,0.9821917808219178
703,2019,8431,8.8419701103072,0.9624429223744292
703,2020,8625,6.616088115942029,0.9818989071038251
703,2021,8474,6.62851191881048,0.967351598173516
703,2022,8580,8.103562937062938,0.9794520547945206
703,2023,8613,9.772085220016255,0.9832191780821918
703,2024,8748,11.843204160951075,0.9959016393442623
703,2025,8682,10.92988597097443,0.9910958904109589
703,2026,6086,10.20948734801183,0.9905598958333334
802,2016,1012,10.511921462055337,0.11520947176684881
802,2017,8092,8.927149263470094,0.9237442922374429
802,2018,8140,9.066399262899264,0.9292237442922374
802,2019,8491,7.578116829584266,0.9692922374429224
802,2020,8603,6.31774845983959,0.9793943533697632
802,2021,8413,7.515895637703554,0.9603881278538813
802,2022,8534,7.298639559409421,0.9742009132420091
802,2023,8642,8.73619069659801,0.9865296803652968
802,2024,8629,7.783660910881911,0.9823542805100182
802,2025,8547,8.145689715689716,0.9756849315068493
802,2026,5890,7.2833616298811545,0.9586588541666666
804,2010,1774,6.621858670800451,0.20251141552511415
804,2011,7534,7.751215219538095,0.8600456621004566
804,2012,8088,6.846702369807122,0.9207650273224044
804,2013,8443,8.020543972640056,0.9638127853881279
804,2014,8515,7.289465094773928,0.9720319634703196
804,2015,8109,8.697158116043902,0.9256849315068493
804,2016,8692,8.471601507708238,0.9895264116575592
804,2017,8638,8.752472938180134,0.9860730593607306
804,2018,8567,8.003386249562274,0.9779680365296803
804,2019,8668,7.2302745731425935,0.9894977168949771
804,2020,8667,6.161296873197185,0.9866803278688525
804,2021,8651,7.548107733210034,0.9875570776255708
804,2022,8417,7.411942497326838,0.9608447488584475
804,2023,8308,5.971987241213288,0.9484018264840183
804,2024,8000,7.1175025,0.9107468123861566
804,2025,7643,7.483895067381918,0.8724885844748859
804,2026,5882,7.561837810268616,0.9573567708333334
807,2007,2,6.12758,0.00022831050228310502
807,2008,8433,10.66530747776592,0.9600409836065574
807,2009,8628,11.842040857904497,0.9849315068493151
807,2010,7597,11.817960018559956,0.8672374429223745
807,2011,8625,10.18046022805797,0.9845890410958904
807,2012,8561,10.36434322298797,0.9746129326047359
807,2013,8291,9.111643462455675,0.9464611872146119
807,2014,8476,8.42752787529495,0.9675799086757991
807,2015,8203,9.796657451895648,0.9364155251141553
807,2016,8644,10.211726175208238,0.9840619307832422
807,2017,8522,10.900233144919033,0.9728310502283105
807,2018,8648,10.81856036077706,0.9872146118721461
807,2019,8667,9.888171224183685,0.9893835616438356
807,2020,8638,7.252978698772864,0.9833788706739527
807,2021,8669,9.18060906678971,0.9896118721461187
807,2022,8223,8.977731971300011,0.9386986301369863
807,2023,8371,7.0037450722733245,0.9555936073059361
807,2024,8343,7.836241160254105,0.9497950819672131
807,2025,8439,8.462063040644626,0.9633561643835616
807,2026,6042,8.01130585898709,0.9833984375
818,2019,6464,6.463015160891089,0.7378995433789954
818,2020,8631,5.823722627737227,0.9825819672131147
818,2021,8329,5.869621803337735,0.9507990867579909
818,2022,7921,5.2471228380255015,0.9042237442922374
818,2023,8286,5.42240888245233,0.9458904109589041
818,2024,8095,7.4121445336627545,0.9215619307832422
818,2025,7605,8.127754109138724,0.8681506849315068
818,2026,5877,6.076130678917815,0.95654296875
826,2019,3916,4.475663942798774,0.44703196347031965
826,2020,8392,4.81074118207817,0.9553734061930783
826,2021,8443,5.1544391803861185,0.9638127853881279
826,2022,8322,4.767788993030521,0.95
826,2023,8375,4.673105671641792,0.9560502283105022
826,2024,7581,4.157940904893813,0.8630464480874317
826,2025,8145,3.540303253529773,0.9297945205479452
826,2026,5709,3.8428341215624457,0.92919921875
827,2009,839,1.900310643623361,0.09577625570776256
827,2010,5427,5.764788907131011,0.6195205479452055
827,2011,3254,11.21858978275968,0.37146118721461185
827,2012,5277,8.230693359276104,0.6007513661202186
827,2013,5950,7.0394816961848745,0.6792237442922374
827,2015,307,15.612275586319218,0.03504566210045662
827,2016,2896,4.0984523732734806,0.3296903460837887
827,2017,8649,10.87786457278298,0.9873287671232877
827,2018,8603,10.857144019528072,0.9820776255707763
827,2019,8459,7.380813334909564,0.9656392694063927
827,2020,8066,5.136205058269278,0.9182604735883424
827,2021,8171,5.090515236813119,0.9327625570776256
827,2022,8321,4.010281216199976,0.9498858447488584
827,2023,8528,4.482753283302063,0.9735159817351599
827,2024,8399,4.8482855101797835,0.9561703096539163
827,2025,8046,3.3578038777032067,0.9184931506849315
827,2026,5778,3.350841121495327,0.9404296875
830,2009,690,4.470705582318841,0.07876712328767123
830,2010,535,0.717603673457944,0.06107305936073059
830,2011,2266,5.552274398058253,0.258675799086758
830,2012,4208,5.507143723146387,0.4790528233151184
830,2013,5036,6.030043505758538,0.5748858447488584
830,2015,5,0.0,0.0005707762557077625
830,2016,1123,24.102106548797863,0.12784608378870674
830,2017,7846,5.794519258858017,0.895662100456621
830,2018,7824,5.827933282208589,0.8931506849315068
830,2019,8215,5.837931832014608,0.9377853881278538
830,2020,8044,4.837110890104426,0.9157559198542805
830,2021,8107,5.539441223633896,0.9254566210045662
830,2022,8008,4.3510526973026975,0.9141552511415525
830,2023,7940,5.661105793450882,0.906392694063927
830,2024,8552,6.115562441534144,0.9735883424408015
830,2025,8231,5.45763576722148,0.9396118721461187
830,2026,5421,4.605600442722745,0.88232421875
837,2014,8048,7.937475594557654,0.9187214611872146
837,2015,8576,8.113912584244403,0.9789954337899544
837,2016,8677,8.579929030654375,0.9878187613843351
837,2017,8573,7.817270078152339,0.9786529680365297
837,2018,8494,3.883522486461031,0.969634703196347
837,2019,8687,2.9587394957983193,0.9916666666666667
837,2020,4810,1.933652806652807,0.5475865209471766
837,2026,262,18.90156488549618,0.042643229166666664
838,2010,1037,3.9062374196721312,0.11837899543378995
838,2011,7114,5.921797526792241,0.8121004566210046
838,2012,8054,5.576464414397815,0.9168943533697632
838,2013,8486,5.492698699376031,0.9687214611872146
838,2014,8575,5.221527007663207,0.9788812785388128
838,2015,8620,6.33273406500232,0.9840182648401826
838,2016,8683,6.49870902569043,0.9885018214936248
838,2017,8420,6.454378727081948,0.9611872146118722
838,2018,8628,6.210095039406583,0.9849315068493151
838,2019,8553,5.49306442184029,0.9763698630136987
838,2020,8547,4.23048906048906,0.9730191256830601
838,2021,8539,5.8552558847640235,0.9747716894977169
838,2022,8262,6.277211328976035,0.9431506849315069
838,2023,8337,4.978787333573228,0.9517123287671233
838,2024,8330,6.2257058823529405,0.9483151183970856
838,2025,8482,5.720982079698184,0.9682648401826484
838,2026,5937,6.6712481051035875,0.96630859375
841,2016,688,4.672413270348837,0.07832422586520947
841,2017,8460,6.286468867612292,0.9657534246575342
841,2018,8484,3.3847041489863274,0.9684931506849315
841,2019,8640,3.792924768518519,0.9863013698630136
841,2020,8441,3.2426252813647674,0.9609517304189436
841,2021,8560,3.091625,0.9771689497716894
841,2022,8557,3.1402267149701997,0.9768264840182649
841,2023,8504,3.609643697083725,0.9707762557077626
841,2024,8100,2.75628024691358,0.9221311475409836
841,2025,8464,2.6210751417769376,0.9662100456621004
841,2026,5934,2.710480283114257,0.9658203125
854,2016,1512,5.138642900793651,0.1721311475409836
854,2017,8665,5.335785223312175,0.9891552511415526
854,2018,8333,5.835228609144366,0.9512557077625571
854,2019,8451,4.702641107561235,0.9647260273972603
854,2020,8589,4.2345150774246125,0.9778005464480874
854,2021,8512,4.841221804511279,0.971689497716895
854,2022,8556,5.141264609630669,0.9767123287671233
854,2023,8416,4.380761644486692,0.960730593607306
854,2024,8659,4.324462409054163,0.9857695810564663
854,2025,8532,3.967481247069855,0.9739726027397261
854,2026,5984,3.5527657085561497,0.9739583333333334
859,2011,5018,3.6616366593961738,0.5728310502283105
859,2012,8220,10.020795665902677,0.9357923497267759
859,2013,8754,9.301583156157186,0.9993150684931507
859,2014,8700,8.033876682297702,0.9931506849315068
859,2015,8719,8.598472028053676,0.9953196347031964
859,2016,8600,8.119895005325581,0.9790528233151184
859,2017,8575,9.530752229749272,0.9788812785388128
859,2018,2307,6.903927178153446,0.26335616438356163
859,2019,15,10.184,0.0017123287671232876
859,2020,182,34.82054945054945,0.020719489981785064
859,2021,7426,9.243448693778616,0.847716894977169
859,2022,8233,6.325508320174906,0.9398401826484019
859,2023,6962,7.931874461361677,0.7947488584474885
859,2024,5014,5.635476665337056,0.5708105646630237
859,2025,8632,6.334311862835959,0.9853881278538813
859,2026,5780,6.3459740484429075,0.9407552083333334
860,2011,5040,5.226003866099206,0.5753424657534246
860,2012,8545,7.261548551647747,0.9727914389799636
860,2013,7306,7.916299631014234,0.8340182648401826
860,2014,6390,6.403947263838185,0.7294520547945206
860,2015,8174,5.674831435875704,0.9331050228310502
860,2016,8519,6.603654290924991,0.9698315118397086
860,2017,8676,7.143277685673121,0.9904109589041096
860,2018,4343,8.784826157034308,0.49577625570776257
860,2019,487,7.944558521560575,0.05559360730593607
860,2020,222,4.5927927927927925,0.025273224043715847
860,2021,7865,9.633977113795295,0.8978310502283106
860,2022,7749,8.235645889792231,0.8845890410958904
860,2023,6151,9.980021134774834,0.7021689497716895
860,2024,4629,11.660626485201988,0.5269808743169399
860,2025,8326,8.085786692289213,0.9504566210045662
860,2026,6038,8.319504802914873,0.9827473958333334
870,2020,7477,8.621025812491641,0.8512067395264117
870,2021,8445,9.175734754292481,0.964041095890411
870,2022,8142,8.00093588798821,0.9294520547945205
870,2023,8268,7.152167392356072,0.9438356164383561
870,2024,7874,8.684634239268478,0.8964025500910747
870,2025,7526,8.360186021791124,0.8591324200913242
870,2026,4456,11.26278500897666,0.7252604166666666
878,2019,777,4.628056628056628,0.0886986301369863
878,2020,8083,6.95424223679327,0.920195810564663
878,2021,8395,6.538209648600357,0.9583333333333334
878,2022,7921,6.809768968564575,0.9042237442922374
878,2023,8058,6.211075949367088,0.9198630136986301
878,2024,7999,7.3765508188523565,0.9106329690346083
878,2025,8182,6.8687594720117335,0.9340182648401827
878,2026,6096,6.870561023622048,0.9921875
879,2020,181,5.13,0.020605646630236795
879,2021,6548,15.282420586438606,0.7474885844748859
879,2022,8159,11.056251991665645,0.931392694063927
879,2023,6907,11.44756768495729,0.7884703196347032
879,2024,4981,6.878610720738807,0.5670537340619308
879,2025,8744,7.821862991765782,0.9981735159817352
879,2026,6099,8.645630431218231,0.99267578125
880,2020,5,1.902,0.000569216757741348
880,2021,28,2.0385714285714287,0.0031963470319634705
880,2022,7673,4.428815326469438,0.8759132420091325
880,2023,6289,4.335158212752425,0.7179223744292238
880,2024,4616,5.006826256499133,0.5255009107468124
880,2025,8040,5.275503731343284,0.9178082191780822
880,2026,5104,5.918369905956113,0.8307291666666666
901,2000,2,13.649999999999999,0.00022768670309653916
901,2004,5783,7.206881031748228,0.658356102003643
901,2005,8609,5.563304792682077,0.9827625570776256
901,2006,8639,5.138290653084847,0.9861872146118722
901,2007,8714,5.698725029584576,0.9947488584474886
901,2008,8181,5.240776582031537,0.9313524590163934
901,2009,2603,6.622504814483289,0.2971461187214612
901,2014,266,10.95037454887218,0.030365296803652967
902,2012,6097,9.563459603772348,0.6941029143897997
902,2013,995,1.1059246701306533,0.11358447488584475
902,2014,4966,3.2019194563028592,0.5668949771689498
902,2015,7505,6.842468995336442,0.8567351598173516
902,2016,8419,6.353983920893217,0.9584471766848816
902,2017,8507,7.978385587163512,0.9711187214611872
902,2018,8612,6.924599396191361,0.9831050228310503
902,2019,8437,7.284160246533128,0.9631278538812785
902,2020,8559,5.008109592242085,0.9743852459016393
902,2021,8428,6.159276222116754,0.9621004566210045
902,2022,8418,6.468240674744595,0.9609589041095891
902,2023,8273,7.945636407590959,0.9444063926940639
902,2024,8339,10.775694927449335,0.94933970856102
902,2025,8201,11.930864528716011,0.9361872146118722
902,2026,5791,10.327399412882059,0.9425455729166666
A04,2011,1261,4.905465626946868,0.1439497716894977
B04,2013,2809,3.7014049163403344,0.320662100456621
B04,2014,8513,6.2943918389521905,0.9718036529680365
B04,2015,8668,6.564175976003692,0.9894977168949771
B04,2016,8576,6.7791227740205215,0.97632058287796
B04,2017,5496,6.488993249636099,0.6273972602739726
D11,2009,4928,32.49730015219156,0.5625570776255707
D11,2010,8559,30.573595694590487,0.977054794520548
D11,2011,8278,31.229440067649193,0.9449771689497717
D11,2012,8686,32.739599484688,0.9888433515482696
D11,2013,8731,33.5965463454358,0.996689497716895
D11,2014,8684,26.185212094311378,0.991324200913242
D11,2015,8688,30.997369915630753,0.9917808219178083
D11,2016,8016,25.691218721432136,0.912568306010929
D11,2017,8405,28.061463683521715,0.9594748858447488
D11,2018,8213,28.060161938390355,0.9375570776255707
D11,2019,7672,27.629893117831074,0.8757990867579909
D11,2020,8656,24.63040203327172,0.9854280510018215
D11,2021,4681,33.64514419995728,0.5343607305936073
D12,2009,6425,26.822366073151752,0.7334474885844748
D12,2010,8634,22.327589986101458,0.9856164383561644
D12,2011,8725,21.20406311747851,0.9960045662100456
D12,2012,7805,21.346817905317103,0.8885473588342441
D12,2013,8612,21.057170825243844,0.9831050228310503
D12,2014,8732,18.3492798631814,0.9968036529680365
D12,2015,8446,21.38790153279659,0.9641552511415525
D12,2016,8208,21.006879725268032,0.9344262295081968
D12,2017,8409,23.609474246997262,0.959931506849315
D12,2018,8348,27.07101341638716,0.9529680365296803
D12,2019,7319,25.438957507856266,0.8355022831050228
D12,2020,8757,21.19459518099806,0.9969262295081968
D12,2021,8666,24.686217401338567,0.9892694063926941
D12,2022,8588,23.70414299021891,0.9803652968036529
D12,2023,8549,23.203803953678793,0.9759132420091324
D12,2024,8661,23.930742408497863,0.9859972677595629
D12,2025,8606,23.118763653265162,0.9824200913242009
D12,2026,6122,22.220540672982686,0.9964192708333334
D13,2004,1,18.9,0.00011384335154826958
D13,2005,6605,27.93676446351249,0.7539954337899544
D13,2006,8732,25.003519673614292,0.9968036529680365
D13,2007,8585,25.09794256144438,0.9800228310502284
D13,2008,8760,28.27363964611872,0.9972677595628415
D13,2009,8709,24.855811693994717,0.9941780821917808
D13,2010,8750,21.152716241142855,0.9988584474885844
D13,2011,8725,24.214124148997133,0.9960045662100456
D13,2012,8710,25.560482066590126,0.9915755919854281
D13,2013,8754,29.413986409641307,0.9993150684931507
D13,2014,8672,24.067501638261067,0.9899543378995433
D13,2015,8537,25.0286931109289,0.9745433789954338
D13,2016,8199,25.271042467008172,0.9334016393442623
D13,2017,7204,20.906515912548585,0.8223744292237443
D13,2018,8041,33.76192015918418,0.9179223744292238
D13,2019,7822,23.636787266683715,0.8929223744292237
D13,2020,8405,17.209812016656752,0.9568533697632058
D13,2021,8703,20.47987245777318,0.9934931506849315
D13,2022,8600,22.051280232558142,0.9817351598173516
D13,2023,8553,22.19894189173389,0.9763698630136987
D13,2024,8702,20.598915191909906,0.9906648451730419
D13,2025,8718,21.279244092681807,0.9952054794520548
D13,2026,3275,24.683230534351146,0.5330403645833334
D14,2009,6714,20.295900329162944,0.7664383561643836
D14,2010,8531,23.550533926855,0.9738584474885845
D14,2011,8585,25.949501938264415,0.9800228310502284
D14,2012,8737,23.037126900995766,0.9946493624772313
D14,2013,8744,20.797102673833486,0.9981735159817352
D14,2014,8662,16.662010998822446,0.9888127853881279
D14,2015,8586,18.756364355357558,0.9801369863013699
D14,2016,8740,22.581670668192217,0.9949908925318761
D14,2017,8685,25.776442525043176,0.9914383561643836
D14,2018,7608,27.6848396424816,0.8684931506849315
D14,2019,7979,30.53182604336383,0.9108447488584475
D14,2020,8752,20.927697669104205,0.9963570127504554
D14,2021,8663,23.969377813690407,0.9889269406392694
D14,2022,8717,22.15188367557646,0.9950913242009133
D14,2023,8545,22.749393797542425,0.9754566210045662
D14,2024,8535,22.736775629759812,0.9716530054644809
D14,2025,8613,21.330714036920934,0.9832191780821918
D14,2026,6139,22.763179670956184,0.9991861979166666
D15,2003,2,18.3572,0.00022831050228310502
D15,2004,7823,18.06588718880225,0.8905965391621129
D15,2005,8682,16.971533287065192,0.9910958904109589
D15,2006,8566,20.949419238559422,0.9778538812785388
D15,2007,8444,23.913765603742302,0.9639269406392694
D15,2008,8518,20.922347460906316,0.9697176684881603
D15,2009,8749,24.344171620756658,0.9987442922374429
D15,2010,8589,17.94256845232274,0.9804794520547945
D15,2011,8677,19.79686991702201,0.9905251141552511
D15,2012,8711,20.106282399034555,0.9916894353369763
D15,2013,7843,20.495847117684562,0.8953196347031963
D15,2014,8677,19.983958694940647,0.9905251141552511
D15,2015,8554,22.158984491465983,0.9764840182648402
D15,2016,8235,22.042531052823314,0.9375
D15,2017,8261,22.076511913085582,0.9430365296803653
D15,2018,8419,21.601734172704596,0.9610730593607306
D15,2019,8547,19.714003744003744,0.9756849315068493
D15,2020,8746,12.494817059227074,0.9956739526411658
D15,2021,8730,19.37464833906071,0.9965753424657534
D15,2022,8736,18.966844093406593,0.9972602739726028
D15,2023,8698,19.984878132904115,0.9929223744292237
D15,2024,8460,21.604114657210403,0.9631147540983607
D15,2025,8730,20.87627147766323,0.9965753424657534
D15,2026,6067,21.426546893027854,0.9874674479166666
D16,2004,1,6.4,0.00011384335154826958
D16,2005,7585,14.90748590804219,0.8658675799086758
D16,2006,8418,18.754454739843194,0.9609589041095891
D16,2007,5859,20.186550605905445,0.6688356164383562
D16,2008,8747,20.59791928661255,0.995787795992714
D16,2009,8708,23.712448323380798,0.9940639269406393
D16,2010,8510,24.8597062279671,0.9714611872146118
D16,2011,8588,21.64725387750349,0.9803652968036529
D16,2012,8704,19.553556498161765,0.9908925318761385
D16,2013,8742,23.002325351178218,0.9979452054794521
D16,2014,8513,21.98315946317397,0.9718036529680365
D16,2015,7924,23.16437316002019,0.9045662100456621
D16,2016,6107,21.593690977566727,0.6952413479052824
D17,2009,6786,27.218807356616562,0.7746575342465754
D17,2010,8725,22.521732920802293,0.9960045662100456
D17,2011,8706,25.177732705031012,0.9938356164383562
D17,2012,8705,25.19602041010913,0.9910063752276868
D17,2013,8690,25.108205037744533,0.9920091324200914
D17,2014,8630,23.480667765585167,0.9851598173515982
D17,2015,8615,27.060040653975626,0.9834474885844748
D17,2016,8574,26.183428137392116,0.9760928961748634
D17,2017,8558,23.67195200864688,0.9769406392694064
D17,2018,6758,23.16680378810299,0.7714611872146119
D17,2019,7721,23.370988213961922,0.881392694063927
D17,2020,8730,21.587908361970218,0.9938524590163934
D17,2021,8729,25.301834116164507,0.9964611872146119
D17,2022,8742,24.83590368336765,0.9979452054794521
D17,2023,8704,21.675427389705884,0.993607305936073
D17,2024,7889,23.537468627202433,0.8981102003642987
D17,2025,1556,14.385809768637532,0.1776255707762557
D17,2026,1572,20.059809160305345,0.255859375
D18,2009,6873,22.775731121780883,0.7845890410958904
D18,2010,8686,20.030104427584618,0.9915525114155251
D18,2011,8744,18.213403374885637,0.9981735159817352
D18,2012,8746,20.488830513377543,0.9956739526411658
D18,2013,8690,22.095200562715767,0.9920091324200914
D18,2014,8613,21.81017643097643,0.9832191780821918
D18,2015,8226,23.41205326282519,0.939041095890411
D18,2016,8575,20.788717146623906,0.9762067395264117
D18,2017,8694,21.955614719358177,0.9924657534246575
D18,2018,8688,22.905866712707184,0.9917808219178083
D18,2019,6173,25.833142718289324,0.7046803652968037
D18,2020,8598,19.479324261456153,0.9788251366120219
D18,2021,8690,20.299956271576523,0.9920091324200914
D18,2022,8201,19.261187660041458,0.9361872146118722
D18,2023,8041,20.435884840194007,0.9179223744292238
D18,2024,8554,20.009421323357493,0.973816029143898
D18,2025,8743,18.995535857257234,0.9980593607305936
D18,2026,5972,21.360902545210983,0.9720052083333334
D27,2009,7972,15.346070801555445,0.9100456621004567
D27,2010,8682,20.300769591799124,0.9910958904109589
D27,2011,8754,18.962239354580763,0.9993150684931507
D27,2012,8780,18.54309942255125,0.9995446265938069
D27,2013,8758,19.213414574103677,0.9997716894977169
D27,2014,8721,16.15912051977984,0.9955479452054794
D27,2015,8740,18.323778531235696,0.997716894977169
D27,2016,8461,20.353074298546268,0.963228597449909
D27,2017,8018,20.028624790883015,0.9152968036529681
D27,2018,7308,23.253357963875207,0.8342465753424657
D27,2019,8753,17.683770135953388,0.9992009132420091
D27,2020,8497,9.727801577027186,0.9673269581056466
D27,2021,8734,17.97500572475384,0.9970319634703196
D27,2022,8637,21.153725830728263,0.9859589041095891
D27,2023,8706,20.714351022283484,0.9938356164383562
D27,2024,8705,20.384229753015507,0.9910063752276868
D27,2025,8723,18.95605640261378,0.9957762557077625
D27,2026,5886,20.556539245667686,0.9580078125
D28,2009,6297,9.351998367476575,0.7188356164383561
D28,2010,7961,9.58433915965331,0.9087899543378996
D28,2011,8144,10.419991956041256,0.9296803652968036
D28,2012,6622,8.717748687330111,0.7538706739526412
D28,2013,8571,9.955975056959515,0.9784246575342466
D28,2014,8663,9.38949996273808,0.9889269406392694
D28,2015,8331,12.806071283747448,0.951027397260274
D28,2016,6719,12.074080969742521,0.7649134790528234
D28,2017,5774,20.730018031745757,0.6591324200913242
D28,2018,6792,13.166587161366314,0.7753424657534247
D28,2019,7417,10.277679654846974,0.846689497716895
D29,2009,7234,23.77785457561515,0.8257990867579909
D29,2010,8328,20.469769452449565,0.9506849315068493
D29,2011,8452,21.240643072645526,0.9648401826484019
D29,2012,7895,23.004186628245726,0.8987932604735883
D29,2013,8520,22.263378667840374,0.9726027397260274
D29,2014,7165,20.551115297976274,0.8179223744292238
D29,2015,5009,25.67293780594929,0.5718036529680365
E03,2015,4066,4.8689554181013275,0.46415525114155254
E03,2016,8697,5.203784486604576,0.9900956284153005
E03,2017,1578,4.681432179974651,0.18013698630136987
E03,2020,309,8.377831715210355,0.0351775956284153
E06,2011,1425,3.292488566519298,0.16267123287671234
