nivel,zona,modelo,n_h,r2_h,rmse_h,sesgo_h,n_d,r2_d,rmse_d,sesgo_d
nacional,Chile,GEOS-CF,1920910,-26.5242,33.868,12.595,82248,-47.9551,28.123,12.429
nacional,Chile,CAMS EAC4,1920832,-22.9677,31.605,7.973,82248,-34.0165,23.784,7.846
macrozona,Norte Grande,GEOS-CF,235067,-4.523,15.724,9.5,9992,-5.6729,12.25,9.472
macrozona,Norte Grande,CAMS EAC4,235057,-156.9394,84.085,45.85,9992,-179.2029,63.659,45.644
macrozona,Norte Chico,GEOS-CF,98995,-13.7203,53.169,39.139,4220,-25.8737,44.331,38.973
macrozona,Norte Chico,CAMS EAC4,98991,-0.0424,14.149,-2.846,4220,-0.1114,9.015,-2.848
macrozona,Centro,GEOS-CF,694513,-61.284,51.511,26.234,29310,-129.2767,43.263,26.267
macrozona,Centro,CAMS EAC4,694487,-6.2686,17.597,8.548,29310,-11.5718,13.439,8.537
macrozona,Sur,GEOS-CF,840964,-0.1561,5.154,-0.093,36540,-0.2653,3.284,-0.12
macrozona,Sur,CAMS EAC4,840928,-0.1191,5.071,-1.255,36540,-0.2684,3.288,-1.267
macrozona,Austral,GEOS-CF,51371,-0.4178,1.987,-1.072,2186,-2.4916,1.271,-1.072
macrozona,Austral,CAMS EAC4,51369,-0.5295,2.063,-1.213,2186,-3.185,1.392,-1.214
region,Antofagasta,GEOS-CF,235067,-4.523,15.724,9.5,9992,-5.6729,12.25,9.472
region,Antofagasta,CAMS EAC4,235057,-156.9394,84.085,45.85,9992,-179.2029,63.659,45.644
region,Atacama,GEOS-CF,98995,-13.7203,53.169,39.139,4220,-25.8737,44.331,38.973
region,Atacama,CAMS EAC4,98991,-0.0424,14.149,-2.846,4220,-0.1114,9.015,-2.848
region,Valparaíso,GEOS-CF,465122,-64.3665,62.57,36.569,19635,-153.114,52.525,36.609
region,Valparaíso,CAMS EAC4,465104,-0.988,10.912,4.578,19635,-1.8403,7.131,4.581
region,Metropolitana,GEOS-CF,125844,-116.3629,12.662,8.163,5306,-143.6303,10.993,8.161
region,Metropolitana,CAMS EAC4,125840,-885.3729,34.798,26.736,5306,-921.4133,27.763,26.683
region,O'Higgins,GEOS-CF,51602,-74.2289,5.589,3.565,2180,-53.8727,4.583,3.559
region,O'Higgins,CAMS EAC4,51600,-336.7828,11.843,9.39,2180,-242.8118,9.661,9.38
region,Maule,GEOS-CF,51945,-1.4277,1.056,-0.004,2189,-0.7954,0.815,-0.004
region,Maule,CAMS EAC4,51943,-1.6824,1.11,-0.797,2189,-1.9342,1.042,-0.796
region,Biobío–Ñuble,GEOS-CF,791904,-0.1538,5.3,-0.046,34456,-0.2607,3.367,-0.075
region,Biobío–Ñuble,CAMS EAC4,791870,-0.1155,5.211,-1.252,34456,-0.2597,3.366,-1.266
region,Los Ríos,GEOS-CF,49060,-1.7698,1.384,-0.864,2084,-1.8723,1.283,-0.865
region,Los Ríos,CAMS EAC4,49058,-2.4327,1.541,-1.289,2084,-2.9189,1.499,-1.291
region,Aysén,GEOS-CF,51371,-0.4178,1.987,-1.072,2186,-2.4916,1.271,-1.072
region,Aysén,CAMS EAC4,51369,-0.5295,2.063,-1.213,2186,-3.185,1.392,-1.214
