variable,importancia_gain
obs_vec,815754.2912372188
frac_urbano,340689.8687083667
acag_pm25,139580.945188819
lat,90827.44599088891
dist_costa_km,66470.28447856958
dist_fuente_km,58986.297610285605
gcf_co,55690.07499385151
doy_cos,53847.37635712732
anio,43412.909720332784
alt_media,40841.79664354297
V10M,36511.05019327321
carga_fuentes_so2,36456.7601534223
peso_vec,35895.630217877304
lon,35764.416864817795
doy_sin,33640.41064273634
gcf_no2,31149.396675833246
viento_fuentes_so2,28375.64333254099
PS,26557.986572192473
frac_grassland,25812.090913148088
U10M,25511.875061238356
hora_loc,24686.077689318496
cams_so2,20454.645878702402
mes,18610.443353285842
T2M,17960.31308299032
gcf_so2,16705.02870873294
fis_div_pblh,16569.2340798527
cams_no2,13997.837230328809
hora_sin,10810.384201536124
wind,8601.086240157485
cams_co,8496.324002672325
cams_o3,8186.247903559695
gcf_o3,8184.869449451566
RH2M,8035.007191181183
hora_cos,7203.775047453967
m2_aod,7170.758799137039
AOD_M2,6713.925668548454
frh,5923.003318298946
dow,5657.861247543584
PBLH,5033.527177354152
gcf_pm25,4857.997252488678
pm25m2_pblh,4415.514702244239
cams_pm25,4392.39088682424
PM25_M2,4120.092548106204
m2_pm25,3644.9323506666856
cams_pm10,3324.0470869906926
inv_pblh,2637.8513945286923
vial_osm,0.0
