nivel,zona,mes,n_est,obs,obs_p25,obs_p75,gcf_o3,cams_o3
nacional,Chile,2019-01-01,32,14.934022,9.888964891433716,19.781857013702393,21.337683,33.118378
nacional,Chile,2019-02-01,32,15.606302,9.890833854675293,19.13114309310913,21.813683,31.883835
nacional,Chile,2019-03-01,33,14.553295,10.368919372558594,17.162633895874023,20.109058,28.740208
nacional,Chile,2019-04-01,34,13.1488,8.701056003570557,15.785794019699097,19.337313,25.084518
nacional,Chile,2019-05-01,35,10.443069,7.07774019241333,13.627155303955078,17.441532,16.489233
nacional,Chile,2019-06-01,34,9.724115,5.358299136161804,13.957203388214111,19.081244,15.838782
nacional,Chile,2019-07-01,36,9.434346,6.700133919715881,12.48940134048462,20.932837,20.507656
nacional,Chile,2019-08-01,35,11.635498,8.650006771087646,13.571170806884766,22.782091,25.546656
nacional,Chile,2019-09-01,35,15.462233,12.405131816864014,18.1289005279541,24.892178,30.644585
nacional,Chile,2019-10-01,35,15.944429,12.364624977111816,18.996658325195312,23.508503,31.254227
nacional,Chile,2019-11-01,36,17.199364,11.18878722190857,22.28812599182129,24.381475,34.708355
nacional,Chile,2019-12-01,35,16.750515,11.465943813323975,20.466940879821777,22.3989,32.9366
nacional,Chile,2020-01-01,36,16.707777,11.38496708869934,19.7654390335083,23.246365,32.505814
nacional,Chile,2020-02-01,36,16.15548,10.862518072128296,21.399238109588623,21.69218,30.621872
nacional,Chile,2020-03-01,36,15.518048,10.739515542984009,20.399975299835205,21.427874,28.875435
nacional,Chile,2020-04-01,36,15.04124,10.4854257106781,18.89169216156006,20.14509,23.083714
nacional,Chile,2020-05-01,34,11.727052,8.61301326751709,13.481891632080078,18.960617,18.088984
nacional,Chile,2020-06-01,35,11.873691,7.683873653411865,14.982571601867676,20.301582,16.842413
nacional,Chile,2020-07-01,36,11.604569,6.70223593711853,13.777613401412964,22.834885,19.266548
nacional,Chile,2020-08-01,35,14.843653,11.0915207862854,18.007616996765137,25.297152,27.358082
nacional,Chile,2020-09-01,34,16.804512,13.003093004226685,18.611717700958252,27.11424,34.28752
nacional,Chile,2020-10-01,33,17.96412,14.121622085571289,21.67876434326172,26.716864,34.787006
nacional,Chile,2020-11-01,34,16.63002,12.29521131515503,21.32405948638916,24.436485,33.849346
nacional,Chile,2020-12-01,40,15.286448,9.349315166473389,19.83904266357422,22.705517,32.163986
nacional,Chile,2021-01-01,39,14.141703,9.056321620941162,19.27476978302002,20.344244,28.959396
nacional,Chile,2021-02-01,40,15.0575485,9.368957042694092,19.83967399597168,21.34237,29.212965
nacional,Chile,2021-03-01,40,14.755785,9.548922777175903,18.8323917388916,21.407045,26.613981
nacional,Chile,2021-04-01,39,13.555423,9.705575466156006,16.053357124328613,19.65726,22.185394
nacional,Chile,2021-05-01,39,11.242159,7.88517689704895,13.062154769897461,19.831465,15.739792
nacional,Chile,2021-06-01,40,9.492983,5.09037446975708,12.80183744430542,19.231493,14.6016
nacional,Chile,2021-07-01,39,10.479294,5.881268739700317,13.793123722076416,22.357357,21.037872
nacional,Chile,2021-08-01,39,12.573694,8.47105073928833,14.94034194946289,24.169361,25.972878
nacional,Chile,2021-09-01,39,16.048014,12.743936538696289,17.87355899810791,26.083345,33.536003
nacional,Chile,2021-10-01,38,17.923046,13.363378286361694,22.47476100921631,26.311375,32.653942
nacional,Chile,2021-11-01,38,15.937573,10.258779048919678,21.251262664794922,22.589294,30.38833
nacional,Chile,2021-12-01,38,17.17696,11.938008546829224,23.66539430618286,23.630436,31.648916
nacional,Chile,2022-01-01,39,13.292495,8.458386898040771,19.08091449737549,18.087368,27.138968
nacional,Chile,2022-02-01,39,14.567118,9.817000389099121,20.30910873413086,20.326515,25.777502
nacional,Chile,2022-03-01,39,13.650456,8.915743827819824,17.849729537963867,20.201204,26.873833
nacional,Chile,2022-04-01,39,11.3614645,7.7473931312561035,13.714963436126709,19.821384,23.098547
nacional,Chile,2022-05-01,39,8.941261,5.980514049530029,10.475281238555908,20.22179,17.59464
nacional,Chile,2022-06-01,39,9.196444,6.035618305206299,11.344144821166992,20.573761,16.56843
nacional,Chile,2022-07-01,39,11.432333,7.479635715484619,14.305334568023682,22.80372,21.493017
nacional,Chile,2022-08-01,39,12.415714,9.691112041473389,15.599940299987793,25.257784,27.257236
nacional,Chile,2022-09-01,38,15.63598,13.055978298187256,17.430538177490234,24.524971,29.792318
nacional,Chile,2022-10-01,39,16.919107,13.870790481567383,19.70553493499756,23.993015,32.369057
nacional,Chile,2022-11-01,39,17.114513,13.076117515563965,22.264286041259766,23.541023,29.642427
nacional,Chile,2022-12-01,38,15.187528,9.952341556549072,22.662320613861084,21.548788,31.037169
nacional,Chile,2023-01-01,38,15.110307,9.336779832839966,22.799150466918945,20.966263,27.184116
nacional,Chile,2023-02-01,39,18.267838,10.591797351837158,27.30992889404297,22.384502,33.167194
nacional,Chile,2023-03-01,39,14.205152,9.056604385375977,18.834757804870605,21.619574,27.53299
nacional,Chile,2023-04-01,38,13.23754,9.840462923049927,17.263324737548828,20.235422,22.930233
nacional,Chile,2023-05-01,38,10.84678,7.166329503059387,13.288956880569458,19.583553,17.183062
nacional,Chile,2023-06-01,38,10.148761,6.3197184801101685,11.09205412864685,19.363194,16.664946
nacional,Chile,2023-07-01,38,11.220023,6.48027241230011,12.351627826690674,22.306498,21.498564
nacional,Chile,2023-08-01,38,13.893611,10.136944770812988,15.150147199630737,23.685492,27.327578
nacional,Chile,2023-09-01,38,15.703841,11.392040014266968,16.25929069519043,24.349955,30.802944
nacional,Chile,2023-10-01,39,18.315197,14.440292835235596,20.404210090637207,26.851656,34.794994
nacional,Chile,2023-11-01,34,16.73866,12.091838598251343,18.779017448425293,23.081718,31.644505
nacional,Chile,2023-12-01,35,16.30088,11.95888900756836,18.145980834960938,23.688406,32.731445
nacional,Chile,2024-01-01,34,16.57449,12.777458190917969,20.728280544281006,24.397945,32.037067
nacional,Chile,2024-02-01,35,16.298475,11.285095691680908,20.140082359313965,22.620096,29.542648
nacional,Chile,2024-03-01,34,15.522626,10.475629806518555,18.848644256591797,20.306168,29.564384
nacional,Chile,2024-04-01,34,13.518745,10.03059458732605,16.09280228614807,19.80954,22.90067
nacional,Chile,2024-05-01,38,10.70113,6.6801533699035645,13.284505844116211,19.482592,15.439763
nacional,Chile,2024-06-01,39,13.802337,6.698937177658081,18.948408126831055,21.832598,18.818537
nacional,Chile,2024-07-01,39,11.939744,6.72282600402832,15.420504570007324,23.745699,22.215878
nacional,Chile,2024-08-01,38,15.0021715,10.386216402053833,19.910452365875244,24.33309,28.814037
nacional,Chile,2024-09-01,38,19.598087,15.601032733917236,21.44562005996704,26.954243,38.23238
nacional,Chile,2024-10-01,39,19.93579,15.180207252502441,22.32322883605957,26.340256,38.473885
nacional,Chile,2024-11-01,39,19.011696,13.297373294830322,22.42959690093994,22.41946,34.65036
nacional,Chile,2024-12-01,38,18.764114,11.33228611946106,23.847840309143066,22.348316,32.443974
macrozona,Norte Grande,2019-01-01,2,10.088495,7.146477580070496,13.08712923526764,24.94265,22.682762
macrozona,Norte Grande,2019-02-01,2,8.5195875,7.894098281860352,12.388355255126953,21.308477,18.061335
macrozona,Norte Grande,2019-03-01,2,10.741252,10.021010160446167,15.5684072971344,28.364714,22.716013
macrozona,Norte Grande,2019-04-01,2,13.823776,12.107788801193237,15.559070825576782,31.864786,23.94058
macrozona,Norte Grande,2019-05-01,2,12.227703,10.209702730178833,14.256639242172241,34.59886,23.687319
macrozona,Norte Grande,2019-06-01,2,14.1527195,11.696304082870483,16.60913586616516,35.288315,23.891516
macrozona,Norte Grande,2019-07-01,3,17.732359,10.021196842193604,16.072478771209717,38.038002,25.444498
macrozona,Norte Grande,2019-08-01,2,21.88178,17.660402059555054,25.721946001052856,35.76855,25.58002
macrozona,Norte Grande,2019-09-01,2,26.820843,18.339390993118286,25.575315237045288,44.911987,30.038784
macrozona,Norte Grande,2019-10-01,2,30.037178,21.564231395721436,31.044893741607666,41.001404,32.221832
macrozona,Norte Grande,2019-11-01,2,21.35164,16.827192544937134,25.748818159103394,34.200214,28.483494
macrozona,Norte Grande,2019-12-01,1,20.527967,20.52796745300293,20.52796745300293,39.811127,30.335644
macrozona,Norte Grande,2020-01-01,2,17.101198,12.35692310333252,15.691458702087402,33.078064,27.710745
macrozona,Norte Grande,2020-02-01,2,10.567315,9.151544094085693,11.63857889175415,29.170483,22.182348
macrozona,Norte Grande,2020-03-01,2,8.185153,4.191499561071396,9.252631455659866,29.369133,23.850803
macrozona,Norte Grande,2020-04-01,2,12.707423,10.745624303817749,14.403035402297974,31.156443,24.325466
macrozona,Norte Grande,2020-05-01,2,16.487688,14.768080711364746,17.319626808166504,34.13506,22.341751
macrozona,Norte Grande,2020-06-01,2,18.05293,16.13139033317566,19.00201439857483,37.26554,23.77618
macrozona,Norte Grande,2020-07-01,2,24.729195,6.4285712242126465,19.28571367263794,44.03491,25.753115
macrozona,Norte Grande,2020-08-01,2,24.103155,21.18608808517456,25.05025339126587,42.074356,29.154634
macrozona,Norte Grande,2020-09-01,2,25.136446,20.284985065460205,26.48995351791382,44.33645,30.291485
macrozona,Norte Grande,2020-10-01,2,24.288937,19.458051681518555,28.06717872619629,42.05693,31.58767
macrozona,Norte Grande,2020-11-01,2,22.275349,16.635551691055298,23.39827609062195,40.11754,31.725363
macrozona,Norte Grande,2020-12-01,2,18.00563,15.055152177810669,17.680427312850952,37.550957,30.601006
macrozona,Norte Grande,2021-01-01,2,12.803836,10.04585886001587,13.574470043182373,29.495062,24.41767
macrozona,Norte Grande,2021-02-01,2,5.4425287,3.561783492565155,5.394088327884674,32.14804,24.765877
macrozona,Norte Grande,2021-03-01,2,5.7659874,5.65807580947876,5.885064601898193,28.581682,23.089827
macrozona,Norte Grande,2021-04-01,2,10.183731,9.753482580184937,10.611571550369263,32.546898,23.315708
macrozona,Norte Grande,2021-05-01,2,9.645162,9.036638021469116,10.349427461624146,32.778294,19.329435
macrozona,Norte Grande,2021-06-01,2,10.831586,9.822421073913574,11.821196556091309,33.934986,19.194807
macrozona,Norte Grande,2021-07-01,2,13.319415,12.388286113739014,14.28485918045044,38.283447,24.850872
macrozona,Norte Grande,2021-08-01,2,15.985577,13.869399785995483,18.24603772163391,38.06802,25.566269
macrozona,Norte Grande,2021-09-01,2,18.62911,16.748329877853394,20.483753442764282,41.692696,29.25862
macrozona,Norte Grande,2021-10-01,2,19.89259,18.532464504241943,21.21983003616333,40.085564,30.678999
macrozona,Norte Grande,2021-11-01,2,18.899302,18.285706520080566,19.516337394714355,35.42639,28.410112
macrozona,Norte Grande,2021-12-01,2,13.622539,13.078938722610474,14.167617559432983,27.735855,24.102316
macrozona,Norte Grande,2022-01-01,2,10.621733,9.911380767822266,11.376419067382812,27.174208,22.363636
macrozona,Norte Grande,2022-02-01,2,11.88015,11.67760968208313,12.08087706565857,28.205948,23.062733
macrozona,Norte Grande,2022-03-01,2,9.844307,9.2172110080719,10.895098447799683,31.02905,20.586094
macrozona,Norte Grande,2022-04-01,2,8.984468,9.037430047988892,9.297423124313354,43.354607,24.172659
macrozona,Norte Grande,2022-05-01,2,14.846834,12.752718925476074,16.92391300201416,33.732674,21.564955
macrozona,Norte Grande,2022-06-01,2,12.793686,12.36515498161316,13.296030282974243,35.663235,22.592981
macrozona,Norte Grande,2022-07-01,2,15.710508,14.884331464767456,16.581566095352173,38.16959,24.695593
macrozona,Norte Grande,2022-08-01,2,17.11725,16.542218685150146,17.686115741729736,39.705147,25.765888
macrozona,Norte Grande,2022-09-01,2,20.751553,19.796611785888672,21.36544418334961,41.340294,30.223156
macrozona,Norte Grande,2022-10-01,2,23.372204,21.375511169433594,25.429359436035156,39.617153,29.715769
macrozona,Norte Grande,2022-11-01,2,16.490593,13.898165941238403,19.10478949546814,31.077145,26.3809
macrozona,Norte Grande,2022-12-01,2,13.32357,11.113537073135376,15.42535662651062,28.060425,23.773623
macrozona,Norte Grande,2023-01-01,2,9.663525,8.084447503089905,11.219863772392273,27.69048,22.334929
macrozona,Norte Grande,2023-02-01,2,11.047656,8.73707377910614,13.231823563575745,26.585236,21.34479
macrozona,Norte Grande,2023-03-01,2,8.991138,6.795058250427246,11.169327735900879,26.83326,19.948895
macrozona,Norte Grande,2023-04-01,2,15.081289,13.18629789352417,17.00302743911743,30.698189,23.776917
macrozona,Norte Grande,2023-05-01,2,19.046654,18.005709648132324,20.084786415100098,30.73955,21.92975
macrozona,Norte Grande,2023-06-01,2,22.073324,20.615270137786865,23.547760486602783,33.700066,20.762032
macrozona,Norte Grande,2023-07-01,2,25.464088,22.04167413711548,28.596774578094482,38.46666,25.399761
macrozona,Norte Grande,2023-08-01,2,26.76237,23.482940196990967,29.803934574127197,33.87194,24.41549
macrozona,Norte Grande,2023-09-01,2,31.789127,26.540719985961914,34.74093437194824,39.455223,30.12781
macrozona,Norte Grande,2023-10-01,2,32.915966,9.377223014831543,28.13166904449463,44.694317,35.368736
macrozona,Norte Grande,2023-11-01,2,31.221506,28.49933910369873,33.69772434234619,34.99927,30.74338
macrozona,Norte Grande,2023-12-01,2,23.005394,20.225841999053955,25.822686672210693,31.531925,27.887627
macrozona,Norte Grande,2024-01-01,2,16.085135,15.375744819641113,16.810030937194824,27.912748,23.206598
macrozona,Norte Grande,2024-02-01,2,11.011719,8.337125301361084,11.597582340240479,27.77997,22.320368
macrozona,Norte Grande,2024-03-01,2,11.564746,9.986807823181152,13.113011360168457,28.193901,21.381388
macrozona,Norte Grande,2024-04-01,2,14.926056,13.511593341827393,16.38093328475952,32.17629,23.811367
macrozona,Norte Grande,2024-05-01,2,21.726473,20.31808853149414,23.16181182861328,36.086308,24.167305
macrozona,Norte Grande,2024-06-01,2,23.46127,21.097025871276855,25.8453950881958,35.947773,22.917526
macrozona,Norte Grande,2024-07-01,2,23.97934,23.225550174713135,24.80720090866089,37.75109,26.961363
macrozona,Norte Grande,2024-08-01,2,24.62813,23.803556442260742,25.828458786010742,36.928337,29.157587
macrozona,Norte Grande,2024-09-01,2,28.887955,26.371289253234863,31.418761253356934,41.61643,33.31068
macrozona,Norte Grande,2024-10-01,2,29.227587,25.29342555999756,31.512784004211426,37.226986,34.955505
macrozona,Norte Grande,2024-11-01,2,24.532764,21.833807468414307,27.02467679977417,32.071163,31.482344
macrozona,Norte Grande,2024-12-01,2,21.975725,19.686320781707764,24.28372812271118,31.23101,27.536335
macrozona,Norte Chico,2019-01-01,1,12.018945,12.01894474029541,12.01894474029541,14.325976,15.433907
macrozona,Norte Chico,2019-02-01,1,12.043155,12.0431547164917,12.0431547164917,15.560192,16.516523
macrozona,Norte Chico,2019-03-01,1,13.990591,13.990591049194336,13.990591049194336,14.702738,16.143984
macrozona,Norte Chico,2019-04-01,1,15.113367,15.113367080688477,15.113367080688477,14.265138,17.52939
macrozona,Norte Chico,2019-05-01,1,7.1,7.099999904632568,7.099999904632568,11.662712,11.405244
macrozona,Norte Chico,2019-06-01,1,15.055555,15.05555534362793,15.05555534362793,14.436834,17.201437
macrozona,Norte Chico,2019-07-01,1,14.614247,14.61424732208252,14.61424732208252,15.561861,19.201258
macrozona,Norte Chico,2019-08-01,1,15.684211,15.684210777282715,15.684210777282715,17.78637,21.39195
macrozona,Norte Chico,2019-09-01,1,16.77298,16.772979736328125,16.772979736328125,19.62714,23.043478
macrozona,Norte Chico,2019-10-01,1,13.619047,13.619047164916992,13.619047164916992,18.784166,26.568054
macrozona,Norte Chico,2019-11-01,1,11.555555,11.55555534362793,11.55555534362793,16.020641,16.013206
macrozona,Norte Chico,2019-12-01,1,13.246947,13.246947288513184,13.246947288513184,14.543345,14.264387
macrozona,Norte Chico,2020-01-01,1,11.521622,11.521621704101562,11.521621704101562,14.158067,14.176024
macrozona,Norte Chico,2020-02-01,1,15.7098675,15.709867477416992,15.709867477416992,13.42761,16.03494
macrozona,Norte Chico,2020-03-01,1,22.648611,22.648611068725586,22.648611068725586,13.226335,15.495937
macrozona,Norte Chico,2020-04-01,1,17.210306,17.21030616760254,17.21030616760254,14.696216,16.000341
macrozona,Norte Chico,2020-05-01,1,11.477027,11.47702693939209,11.47702693939209,13.461223,12.106872
macrozona,Norte Chico,2020-06-01,1,5.709815,5.70981502532959,5.70981502532959,15.60319,17.001944
macrozona,Norte Chico,2020-07-01,1,6.9363146,6.936314582824707,6.936314582824707,17.62184,18.673979
macrozona,Norte Chico,2020-08-01,1,9.072973,9.072973251342773,9.072973251342773,18.511375,24.117374
macrozona,Norte Chico,2020-09-01,1,14.127273,14.127272605895996,14.127272605895996,19.632406,22.957182
macrozona,Norte Chico,2020-10-01,1,19.500679,19.50067901611328,19.50067901611328,19.179523,22.319904
macrozona,Norte Chico,2020-11-01,1,17.37712,17.377119064331055,17.377119064331055,17.02639,19.47671
macrozona,Norte Chico,2020-12-01,1,15.893588,15.893588066101074,15.893588066101074,14.542335,16.044235
macrozona,Norte Chico,2021-01-01,1,14.263592,14.263591766357422,14.263591766357422,14.410114,15.574315
macrozona,Norte Chico,2021-02-01,1,10.539157,10.539156913757324,10.539156913757324,14.676261,15.95928
macrozona,Norte Chico,2021-03-01,1,11.907609,11.907608985900879,11.907608985900879,14.682594,15.728369
macrozona,Norte Chico,2021-04-01,1,8.934498,8.934497833251953,8.934497833251953,13.997752,14.187001
macrozona,Norte Chico,2021-05-01,1,12.4017725,12.401772499084473,12.401772499084473,15.344755,10.55743
macrozona,Norte Chico,2021-06-01,1,13.681287,13.681286811828613,13.681286811828613,14.090815,12.080285
macrozona,Norte Chico,2021-07-01,1,11.015919,11.015918731689453,11.015918731689453,14.518798,14.430093
macrozona,Norte Chico,2021-08-01,1,10.52168,10.521679878234863,10.521679878234863,17.988628,20.6475
macrozona,Norte Chico,2021-09-01,1,18.023777,18.02377700805664,18.02377700805664,19.416868,22.251072
macrozona,Norte Chico,2021-10-01,1,14.50548,14.50547981262207,14.50547981262207,19.267138,19.895342
macrozona,Norte Chico,2021-11-01,1,8.80866,8.808659553527832,8.808659553527832,15.482891,15.991598
macrozona,Norte Chico,2021-12-01,1,23.216982,23.216981887817383,23.216981887817383,13.920126,13.717774
macrozona,Norte Chico,2022-01-01,1,27.142664,27.142663955688477,27.142663955688477,12.319119,12.430859
macrozona,Norte Chico,2022-02-01,1,13.822388,13.8223876953125,13.8223876953125,13.528663,14.200076
macrozona,Norte Chico,2022-03-01,1,8.09543,8.095430374145508,8.095430374145508,13.832129,14.49481
macrozona,Norte Chico,2022-04-01,1,6.039501,6.039501190185547,6.039501190185547,13.369765,12.782638
macrozona,Norte Chico,2022-05-01,1,5.921997,5.9219970703125,5.9219970703125,13.766667,12.250997
macrozona,Norte Chico,2022-06-01,1,11.280882,11.280881881713867,11.280881881713867,14.429799,14.764821
macrozona,Norte Chico,2022-07-01,1,13.926128,13.926128387451172,13.926128387451172,16.735867,19.742487
macrozona,Norte Chico,2022-08-01,1,16.198572,16.198572158813477,16.198572158813477,17.136692,19.873787
macrozona,Norte Chico,2022-09-01,1,15.261981,15.261981010437012,15.261981010437012,18.886784,22.101385
macrozona,Norte Chico,2022-10-01,1,16.95027,16.95026969909668,16.95026969909668,16.698378,18.515816
macrozona,Norte Chico,2022-11-01,1,12.824684,12.824684143066406,12.824684143066406,15.466105,14.309319
macrozona,Norte Chico,2022-12-01,1,11.326612,11.32661247253418,11.32661247253418,14.849802,12.152538
macrozona,Norte Chico,2023-01-01,1,8.265487,8.265486717224121,8.265486717224121,13.201488,12.537273
macrozona,Norte Chico,2023-02-01,1,2.5490196,2.5490195751190186,2.5490195751190186,15.004086,16.502188
macrozona,Norte Chico,2023-03-01,1,11.073684,11.073683738708496,11.073683738708496,16.860033,15.014872
macrozona,Norte Chico,2023-04-01,1,10.580882,10.58088207244873,10.58088207244873,14.833078,14.493517
macrozona,Norte Chico,2023-05-01,1,14.017473,14.017473220825195,14.017473220825195,13.81357,11.591978
macrozona,Norte Chico,2023-06-01,1,10.022792,10.022791862487793,10.022791862487793,14.679238,13.705233
macrozona,Norte Chico,2023-07-01,1,11.393531,11.39353084564209,11.39353084564209,14.719709,16.010975
macrozona,Norte Chico,2023-08-01,1,10.531629,10.531628608703613,10.531628608703613,16.706518,16.8809
macrozona,Norte Chico,2023-09-01,1,11.100558,11.100558280944824,11.100558280944824,18.597975,22.276632
macrozona,Norte Chico,2023-10-01,1,12.0556345,12.055634498596191,12.055634498596191,19.9369,21.308912
macrozona,Norte Chico,2023-11-01,1,9.852697,9.852697372436523,9.852697372436523,16.585257,16.761032
macrozona,Norte Chico,2023-12-01,1,14.491428,14.49142837524414,14.49142837524414,14.4592285,14.252498
macrozona,Norte Chico,2024-01-01,1,8.241892,8.241891860961914,8.241891860961914,13.405259,13.548653
macrozona,Norte Chico,2024-02-01,1,8.132075,8.132075309753418,8.132075309753418,13.400202,13.180548
macrozona,Norte Chico,2024-03-01,1,10.102841,10.1028413772583,10.1028413772583,13.004961,14.507295
macrozona,Norte Chico,2024-04-01,1,8.346591,8.346590995788574,8.346590995788574,14.4564085,17.097479
macrozona,Norte Chico,2024-05-01,1,10.346521,10.346521377563477,10.346521377563477,15.216749,15.418909
macrozona,Norte Chico,2024-06-01,1,10.327248,10.327247619628906,10.327247619628906,13.76939,12.210682
macrozona,Norte Chico,2024-07-01,1,15.117568,15.117568016052246,15.117568016052246,16.033638,18.939579
macrozona,Norte Chico,2024-08-01,1,14.525676,14.525675773620605,14.525675773620605,18.798914,23.719921
macrozona,Norte Chico,2024-09-01,1,17.09875,17.0987491607666,17.0987491607666,19.151592,25.813168
macrozona,Norte Chico,2024-10-01,1,17.06469,17.06468963623047,17.06468963623047,16.802809,23.537434
macrozona,Norte Chico,2024-11-01,1,12.991667,12.991666793823242,12.991666793823242,15.427539,19.671787
macrozona,Norte Chico,2024-12-01,1,7.9500675,7.950067520141602,7.950067520141602,14.758999,15.897573
macrozona,Centro,2019-01-01,21,18.4223,13.579669952392578,22.532148361206055,22.918953,40.48542
macrozona,Centro,2019-02-01,21,19.24892,15.354790687561035,22.08333396911621,23.632406,38.23915
macrozona,Centro,2019-03-01,21,16.880627,14.80080795288086,19.487804412841797,20.959158,33.249916
macrozona,Centro,2019-04-01,21,14.912505,12.800835609436035,17.28811264038086,18.88877,27.6165
macrozona,Centro,2019-05-01,21,10.718442,6.944892406463623,15.23655891418457,15.653182,15.331293
macrozona,Centro,2019-06-01,21,8.383482,4.127777576446533,12.575035095214844,16.937548,13.935459
macrozona,Centro,2019-07-01,21,7.273318,3.901881694793701,9.413840293884277,18.707846,19.898731
macrozona,Centro,2019-08-01,21,10.279285,8.602442741394043,12.234817504882812,21.138584,27.210491
macrozona,Centro,2019-09-01,21,15.149936,12.850349426269531,17.446714401245117,23.508112,33.98076
macrozona,Centro,2019-10-01,21,16.329866,13.410569190979004,19.54973030090332,22.731329,35.297283
macrozona,Centro,2019-11-01,21,18.849586,13.599162101745605,23.688953399658203,25.457928,42.03904
macrozona,Centro,2019-12-01,21,19.568005,14.318181991577148,24.385269165039062,23.748135,40.83607
macrozona,Centro,2020-01-01,21,19.748877,15.285714149475098,24.293315887451172,24.738743,40.69243
macrozona,Centro,2020-02-01,20,19.229332,12.407434225082397,24.46830463409424,23.415064,39.567123
macrozona,Centro,2020-03-01,20,17.740372,12.534263849258423,22.13401174545288,21.896332,35.007687
macrozona,Centro,2020-04-01,20,16.6577,12.115882635116577,19.829955101013184,19.088629,25.399656
macrozona,Centro,2020-05-01,19,12.272416,9.933950901031494,13.103864192962646,17.34368,19.516094
macrozona,Centro,2020-06-01,19,9.337279,5.516646146774292,10.319777488708496,16.862816,14.144406
macrozona,Centro,2020-07-01,20,9.885141,6.789177298545837,10.76145339012146,20.512943,18.154041
macrozona,Centro,2020-08-01,20,13.587543,10.898933172225952,15.228660583496094,22.808271,28.644552
macrozona,Centro,2020-09-01,20,16.301996,12.388849973678589,18.032284259796143,26.083544,40.1485
macrozona,Centro,2020-10-01,19,19.138556,14.316002368927002,23.56259822845459,26.854338,41.354862
macrozona,Centro,2020-11-01,19,17.720228,12.605412483215332,21.770246505737305,24.546944,42.251553
macrozona,Centro,2020-12-01,21,17.472967,10.96236515045166,22.81182861328125,24.84638,41.04224
macrozona,Centro,2021-01-01,21,16.856752,10.258502960205078,22.085384368896484,22.571371,38.409138
macrozona,Centro,2021-02-01,21,16.168726,11.748871803283691,20.558734893798828,22.828989,37.12412
macrozona,Centro,2021-03-01,21,16.412083,13.314939498901367,19.845069885253906,22.557491,32.142464
macrozona,Centro,2021-04-01,21,15.057087,12.890603065490723,16.508005142211914,19.661064,25.852121
macrozona,Centro,2021-05-01,21,10.733894,7.220270156860352,12.786593437194824,18.136402,15.574141
macrozona,Centro,2021-06-01,21,7.6398993,4.720867156982422,9.076815605163574,16.357786,13.054294
macrozona,Centro,2021-07-01,20,8.815117,5.686479210853577,10.989092350006104,19.723896,21.370636
macrozona,Centro,2021-08-01,20,11.432732,8.480769872665405,12.420160055160522,20.777739,27.097086
macrozona,Centro,2021-09-01,20,16.914032,13.800044775009155,17.641089916229248,25.300474,38.844196
macrozona,Centro,2021-10-01,20,20.295902,15.16076946258545,23.846919536590576,26.83077,38.095486
macrozona,Centro,2021-11-01,20,18.056885,12.597012996673584,23.40398645401001,24.638624,38.865517
macrozona,Centro,2021-12-01,20,19.725851,14.403028964996338,25.166419506072998,25.300035,40.27561
macrozona,Centro,2022-01-01,20,14.860653,8.56925082206726,20.77562427520752,19.108639,35.787582
macrozona,Centro,2022-02-01,20,16.795206,10.502582788467407,21.812307357788086,22.444696,33.419365
macrozona,Centro,2022-03-01,20,16.103569,12.453085660934448,20.57723331451416,22.408215,34.197113
macrozona,Centro,2022-04-01,20,12.54223,11.009431838989258,13.971216678619385,19.77477,26.355886
macrozona,Centro,2022-05-01,20,8.541339,6.3469425439834595,10.224079132080078,18.74666,17.523153
macrozona,Centro,2022-06-01,20,7.5877085,4.865524888038635,9.65363621711731,18.382582,14.046486
macrozona,Centro,2022-07-01,20,9.036874,5.799802899360657,11.466025114059448,20.704529,19.515158
macrozona,Centro,2022-08-01,20,11.523241,9.260774612426758,12.007392168045044,23.84066,30.560692
macrozona,Centro,2022-09-01,20,16.190865,13.554786205291748,16.976443767547607,23.332897,34.620037
macrozona,Centro,2022-10-01,20,17.749092,16.348840951919556,20.170639514923096,24.68162,39.867935
macrozona,Centro,2022-11-01,20,19.919033,15.258286714553833,23.618432998657227,25.257927,37.972965
macrozona,Centro,2022-12-01,20,19.133852,13.427706003189087,26.07422113418579,24.174063,42.74616
macrozona,Centro,2023-01-01,20,19.031025,11.776468276977539,26.455471515655518,22.92853,36.20061
macrozona,Centro,2023-02-01,20,24.290035,15.194032192230225,32.891427993774414,25.95612,42.233444
macrozona,Centro,2023-03-01,20,17.590542,11.570755958557129,22.138285160064697,23.382278,34.59558
macrozona,Centro,2023-04-01,20,15.60162,13.935330152511597,18.672715187072754,20.112991,27.125452
macrozona,Centro,2023-05-01,20,10.208813,7.083350777626038,12.683598041534424,17.601961,16.316294
macrozona,Centro,2023-06-01,20,7.23485,5.23831307888031,9.172693729400635,16.606947,14.650794
macrozona,Centro,2023-07-01,20,8.211454,5.213045597076416,10.726720809936523,19.816608,21.065636
macrozona,Centro,2023-08-01,20,11.723169,8.943750143051147,13.287015676498413,21.947912,28.011171
macrozona,Centro,2023-09-01,20,13.231745,10.644306659698486,15.194106578826904,22.844063,32.52598
macrozona,Centro,2023-10-01,20,18.546398,16.06258773803711,20.514508724212646,27.969395,39.886
macrozona,Centro,2023-11-01,19,17.168097,13.93259859085083,19.027307510375977,23.932386,38.15914
macrozona,Centro,2023-12-01,20,17.884056,14.27304482460022,20.78154993057251,25.775543,41.56753
macrozona,Centro,2024-01-01,20,19.13301,14.137742519378662,22.08374261856079,27.424946,41.23053
macrozona,Centro,2024-02-01,20,18.63317,14.383469581604004,21.73646068572998,24.999,37.40212
macrozona,Centro,2024-03-01,20,18.084417,14.448240995407104,20.278406620025635,21.966438,36.91138
macrozona,Centro,2024-04-01,20,14.232709,11.154792308807373,16.355645656585693,19.397388,25.228056
macrozona,Centro,2024-05-01,20,9.503773,6.226579189300537,10.092677354812622,17.966255,14.099208
macrozona,Centro,2024-06-01,20,9.99481,5.81767725944519,11.308834075927734,19.179993,15.198845
macrozona,Centro,2024-07-01,20,10.784388,6.063666939735413,15.182211875915527,21.545944,21.693777
macrozona,Centro,2024-08-01,20,14.557769,9.050833225250244,17.55570077896118,22.389196,28.888908
macrozona,Centro,2024-09-01,20,19.248755,15.574109554290771,20.133017539978027,26.448744,41.39378
macrozona,Centro,2024-10-01,20,21.387005,18.05852746963501,22.550352573394775,26.70887,44.132378
macrozona,Centro,2024-11-01,20,21.551132,18.22635269165039,23.254125118255615,24.431507,40.8385
macrozona,Centro,2024-12-01,20,23.251127,18.93315315246582,25.512033462524414,24.996826,41.09855
macrozona,Sur,2019-01-01,7,7.1677094,6.052066087722778,8.654540777206421,17.60316,19.327703
macrozona,Sur,2019-02-01,7,7.749783,7.096697807312012,8.892469882965088,18.153599,20.412178
macrozona,Sur,2019-03-01,8,9.300018,7.9349822998046875,11.841713666915894,17.166132,20.713848
macrozona,Sur,2019-04-01,9,8.352414,7.566619873046875,9.0,18.040472,20.051899
macrozona,Sur,2019-05-01,10,9.199592,7.636479377746582,11.171489477157593,17.641151,17.00886
macrozona,Sur,2019-06-01,9,11.279285,8.960339546203613,15.185420036315918,20.736345,17.928003
macrozona,Sur,2019-07-01,10,12.53282,10.56828784942627,17.366547107696533,23.411367,20.989216
macrozona,Sur,2019-08-01,10,12.032843,8.733748197555542,18.466543674468994,23.896446,22.054968
macrozona,Sur,2019-09-01,10,14.713587,10.408536911010742,20.988976001739502,25.836664,24.888113
macrozona,Sur,2019-10-01,10,12.731867,9.942109107971191,15.814636945724487,22.580168,22.727438
macrozona,Sur,2019-11-01,11,13.029403,8.938329696655273,16.855473041534424,21.046465,21.59474
macrozona,Sur,2019-12-01,11,11.360371,8.25094747543335,15.408881664276123,19.5995,20.304232
macrozona,Sur,2020-01-01,11,11.409645,7.0039222240448,14.564690113067627,21.155533,19.574114
macrozona,Sur,2020-02-01,12,12.355785,8.562631607055664,13.456870079040527,18.898657,19.473871
macrozona,Sur,2020-03-01,12,12.10779,9.295701503753662,12.57764196395874,20.726513,20.795547
macrozona,Sur,2020-04-01,12,12.442527,9.41357970237732,12.90462851524353,20.663658,19.688755
macrozona,Sur,2020-05-01,11,9.516133,6.897322416305542,10.765124320983887,19.558195,15.211529
macrozona,Sur,2020-06-01,12,14.69701,12.482459306716919,16.538747787475586,23.762463,19.944345
macrozona,Sur,2020-07-01,12,14.803672,10.289247035980225,17.371912002563477,25.422323,20.382582
macrozona,Sur,2020-08-01,11,16.551775,11.997089862823486,18.756747245788574,27.590672,24.875586
macrozona,Sur,2020-09-01,10,16.757113,15.053578853607178,18.611717700958252,27.184324,25.493523
macrozona,Sur,2020-10-01,10,14.513444,12.172426462173462,16.290934801101685,24.697979,25.101234
macrozona,Sur,2020-11-01,11,14.026249,9.60291314125061,15.485270500183105,23.050507,21.21304
macrozona,Sur,2020-12-01,15,11.235739,7.425277471542358,11.347241401672363,18.716417,18.773195
macrozona,Sur,2021-01-01,14,10.436424,7.694679617881775,12.168094396591187,16.827187,16.687384
macrozona,Sur,2021-02-01,15,14.992068,9.162031650543213,18.033645629882812,18.852196,19.00823
macrozona,Sur,2021-03-01,15,14.084486,8.383986949920654,17.045637607574463,19.440496,19.896477
macrozona,Sur,2021-04-01,14,12.261401,8.150240898132324,13.903469324111938,18.221333,16.863693
macrozona,Sur,2021-05-01,14,12.461727,8.4401216506958,13.660693168640137,20.644747,15.560975
macrozona,Sur,2021-06-01,15,11.884856,7.925445795059204,14.256238460540771,21.578194,16.09914
macrozona,Sur,2021-07-01,15,11.922162,7.2259533405303955,14.94745683670044,24.282528,19.995714
macrozona,Sur,2021-08-01,15,13.669975,6.87024998664856,18.082539558410645,27.255362,24.682625
macrozona,Sur,2021-09-01,15,14.324344,9.995396137237549,17.480796813964844,25.508541,27.674562
macrozona,Sur,2021-10-01,14,14.767546,11.537290096282959,17.35166025161743,24.357916,26.320026
macrozona,Sur,2021-11-01,14,13.542512,9.782823085784912,14.509718179702759,18.862093,20.55459
macrozona,Sur,2021-12-01,14,13.480092,10.245819091796875,14.964020252227783,21.625956,20.363565
macrozona,Sur,2022-01-01,15,10.608595,7.7102367877960205,11.325717449188232,15.910626,16.300787
macrozona,Sur,2022-02-01,15,12.354379,9.189473628997803,13.603313446044922,17.118366,16.802343
macrozona,Sur,2022-03-01,15,11.528118,8.250481128692627,12.079805374145508,16.564016,18.869593
macrozona,Sur,2022-04-01,15,10.534249,7.345600128173828,11.325586795806885,18.378365,18.959782
macrozona,Sur,2022-05-01,15,8.983865,5.4571754932403564,10.101287841796875,20.657276,17.230299
macrozona,Sur,2022-06-01,15,10.971832,8.432814598083496,11.55469274520874,21.634531,18.934061
macrozona,Sur,2022-07-01,15,14.292221,11.232372760772705,16.42935085296631,23.93434,23.764708
macrozona,Sur,2022-08-01,15,12.89234,10.69587516784668,15.395464420318604,25.628633,23.301773
macrozona,Sur,2022-09-01,14,14.420187,12.578973770141602,16.980634927749634,24.374279,23.662163
macrozona,Sur,2022-10-01,15,14.521251,12.248274803161621,16.73802375793457,21.327908,23.220165
macrozona,Sur,2022-11-01,15,13.813833,11.859440326690674,14.996118545532227,20.973055,20.234121
macrozona,Sur,2022-12-01,14,10.684955,8.55101203918457,11.017709255218506,17.876959,17.630928
macrozona,Sur,2023-01-01,14,11.134687,8.465335845947266,11.677660465240479,18.085135,16.251799
macrozona,Sur,2023-02-01,15,11.866067,8.26097822189331,12.208716869354248,17.703424,23.632057
macrozona,Sur,2023-03-01,15,10.319517,7.4581074714660645,10.068511009216309,18.821836,19.151955
macrozona,Sur,2023-04-01,14,9.908711,7.225746512413025,10.580774068832397,19.355307,17.648674
macrozona,Sur,2023-05-01,14,10.084968,7.091683864593506,11.229458093643188,21.105707,17.776117
macrozona,Sur,2023-06-01,14,12.601836,9.704092502593994,13.016474485397339,21.32786,18.707273
macrozona,Sur,2023-07-01,14,13.495383,9.72479796409607,13.509196043014526,23.792723,21.669794
macrozona,Sur,2023-08-01,14,15.242197,11.090988397598267,15.332132577896118,24.984707,27.2315
macrozona,Sur,2023-09-01,14,17.510191,12.115633487701416,16.49061679840088,24.878563,29.157806
macrozona,Sur,2023-10-01,15,16.818121,11.187519073486328,19.30744171142578,24.255564,28.003624
macrozona,Sur,2023-11-01,11,13.570582,11.179280281066895,14.421635627746582,20.304567,22.41132
macrozona,Sur,2023-12-01,11,12.263514,9.926896572113037,12.161924362182617,19.919518,20.118547
macrozona,Sur,2024-01-01,10,12.682179,9.38856029510498,13.375700950622559,20.122513,19.139013
macrozona,Sur,2024-02-01,11,13.41851,9.676292896270752,13.367644309997559,19.078306,18.135412
macrozona,Sur,2024-03-01,10,12.220327,9.70018720626831,11.144445419311523,16.878935,19.426373
macrozona,Sur,2024-04-01,10,12.722337,9.70738673210144,14.136858701705933,18.690916,18.887196
macrozona,Sur,2024-05-01,14,11.397986,8.862990379333496,17.54000449180603,19.39409,16.122433
macrozona,Sur,2024-06-01,15,18.461117,13.398821353912354,20.536195755004883,23.883951,23.538885
macrozona,Sur,2024-07-01,15,11.78584,7.66108250617981,14.86330795288086,25.170902,22.088455
macrozona,Sur,2024-08-01,14,14.784844,11.233596563339233,16.964807987213135,25.659586,28.928886
macrozona,Sur,2024-09-01,14,19.45593,16.961759090423584,20.70292091369629,26.19054,35.111458
macrozona,Sur,2024-10-01,15,16.696146,12.988943099975586,16.87399196624756,25.34557,31.935783
macrozona,Sur,2024-11-01,15,15.011727,12.110231399536133,14.727245330810547,19.039963,27.811338
macrozona,Sur,2024-12-01,14,12.665861,10.052127838134766,12.763671159744263,18.276188,22.489975
macrozona,Austral,2019-01-01,1,9.48704,9.487039566040039,9.487039566040039,14.472093,15.416253
macrozona,Austral,2019-02-01,1,7.8802395,7.880239486694336,7.880239486694336,16.241554,14.304814
macrozona,Austral,2019-03-01,1,10.368919,10.368919372558594,10.368919372558594,17.05825,14.626278
macrozona,Austral,2019-04-01,1,11.525947,11.525946617126465,11.525946617126465,18.172068,20.791319
macrozona,Austral,2019-05-01,1,11.414865,11.414864540100098,11.414864540100098,19.210331,22.498947
macrozona,Austral,2019-06-01,1,10.890909,10.890909194946289,10.890909194946289,22.290644,21.11575
macrozona,Austral,2019-07-01,1,10.246947,10.246947288513184,10.246947288513184,24.843319,22.60408
macrozona,Austral,2019-08-01,1,11.841678,11.84167766571045,11.84167766571045,26.037807,27.556826
macrozona,Austral,2019-09-01,1,13.575459,13.575458526611328,13.575458526611328,24.93052,25.820133
macrozona,Austral,2019-10-01,1,16.50271,16.502710342407227,16.502710342407227,22.534746,24.94906
macrozona,Austral,2019-11-01,1,14.876923,14.876922607421875,14.876922607421875,17.2513,20.964998
macrozona,Austral,2019-12-01,1,12.150685,12.15068531036377,12.15068531036377,12.961815,17.255579
macrozona,Austral,2020-01-01,1,11.510149,11.510149002075195,11.510149002075195,12.423794,15.693247
macrozona,Austral,2020-02-01,1,11.061135,11.061135292053223,11.061135292053223,14.027401,15.269876
macrozona,Austral,2020-03-01,1,13.423136,13.423135757446289,13.423135757446289,14.8747015,16.620216
macrozona,Austral,2020-04-01,1,13.670058,13.670058250427246,13.670058250427246,19.223938,19.002108
macrozona,Austral,2020-05-01,1,17.066576,17.06657600402832,17.06657600402832,21.767193,20.962065
macrozona,Austral,2020-06-01,1,25.16315,25.163150787353516,25.163150787353516,23.73749,22.674316
macrozona,Austral,2020-07-01,1,4.548038,4.548038005828857,4.548038005828857,25.768501,23.751501
macrozona,Austral,2020-08-01,1,11.6662035,11.666203498840332,11.666203498840332,27.929264,29.121166
macrozona,Austral,2020-09-01,1,16.356104,16.356103897094727,16.356103897094727,26.330172,28.846521
macrozona,Austral,2020-10-01,1,16.884825,16.884824752807617,16.884824752807617,23.230318,25.684065
macrozona,Austral,2020-11-01,1,12.708934,12.70893383026123,12.70893383026123,19.729935,18.977972
macrozona,Austral,2020-12-01,1,10.964529,10.964529037475586,10.964529037475586,12.71669,15.9359665
macrozona,Austral,2021-01-01,1,9.207599,9.207598686218262,9.207598686218262,11.719144,14.614676
macrozona,Austral,2021-02-01,1,9.372323,9.372323036193848,9.372323036193848,14.423538,13.845841
macrozona,Austral,2021-03-01,1,9.210095,9.210095405578613,9.210095405578613,15.796171,16.34197
macrozona,Austral,2021-04-01,1,10.142858,10.142857551574707,10.142857551574707,17.714304,19.74633
macrozona,Austral,2021-05-01,1,7.8583107,7.858310699462891,7.858310699462891,22.219896,19.124561
macrozona,Austral,2021-06-01,1,9.904895,9.904894828796387,9.904894828796387,22.791912,20.004385
macrozona,Austral,2021-07-01,1,18.438095,18.438095092773438,18.438095092773438,25.356909,26.648653
macrozona,Austral,2021-08-01,1,15.393897,15.39389705657959,15.39389705657959,27.319023,27.505781
macrozona,Austral,2021-09-01,1,14.948571,14.94857120513916,14.94857120513916,24.585358,27.436728
macrozona,Austral,2021-10-01,1,13.230665,13.23066520690918,13.23066520690918,21.782553,27.651342
macrozona,Austral,2021-11-01,1,9.411765,9.411765098571777,9.411765098571777,15.998708,21.316046
macrozona,Austral,2021-12-01,1,7.411202,7.4112019538879395,7.4112019538879395,13.933293,16.098955
macrozona,Austral,2022-01-01,1,6.2420907,6.242090702056885,6.242090702056885,12.049554,14.374307
macrozona,Austral,2022-02-01,1,6.7556562,6.7556562423706055,6.7556562423706055,13.112535,13.919791
macrozona,Austral,2022-03-01,1,7.042313,7.042313098907471,7.042313098907471,14.227312,17.13673
macrozona,Austral,2022-04-01,1,5.3486648,5.3486647605896,5.3486647605896,16.896425,20.582682
macrozona,Austral,2022-05-01,1,7.13624,7.136240005493164,7.136240005493164,22.176592,20.78455
macrozona,Austral,2022-06-01,1,6.571027,6.571026802062988,6.571026802062988,24.843979,22.340239
macrozona,Austral,2022-07-01,1,8.599459,8.599458694458008,8.599458694458008,24.775974,24.793892
macrozona,Austral,2022-08-01,1,10.236807,10.236806869506836,10.236806869506836,26.136766,25.35938
macrozona,Austral,2022-09-01,1,12.629898,12.629898071289062,12.629898071289062,24.343693,26.493067
macrozona,Austral,2022-10-01,1,19.379591,19.37959098815918,19.37959098815918,21.832458,24.564472
macrozona,Austral,2022-11-01,1,12.928771,12.928771018981934,12.928771018981934,18.094366,17.141432
macrozona,Austral,2022-12-01,1,5.8538814,5.853881359100342,5.853881359100342,13.514481,16.260267
macrozona,Austral,2023-01-01,1,5.3022943,5.3022942543029785,5.3022942543029785,12.718439,14.460645
macrozona,Austral,2023-02-01,1,10.777444,10.777443885803223,10.777443885803223,12.089538,16.969053
macrozona,Austral,2023-03-01,1,11.377778,11.377778053283691,11.377778053283691,15.358489,19.600285
macrozona,Austral,2023-04-01,1,11.656863,11.65686321258545,11.65686321258545,18.960016,19.916462
macrozona,Austral,2023-05-01,1,14.158108,14.15810775756836,14.15810775756836,20.871723,22.093576
macrozona,Austral,2023-06-01,1,10.908836,10.908836364746094,10.908836364746094,23.270618,23.631393
macrozona,Austral,2023-07-01,1,9.514865,9.514864921569824,9.514864921569824,25.551512,25.306406
macrozona,Austral,2023-08-01,1,15.0,15.0,15.0,26.104853,31.84841
macrozona,Austral,2023-09-01,1,14.95904,14.959039688110352,14.959039688110352,25.741032,30.50099
macrozona,Austral,2023-10-01,1,21.22962,21.2296199798584,21.2296199798584,22.645985,29.357475
macrozona,Austral,2023-11-01,1,17.05028,17.05027961730957,17.05027961730957,16.918304,21.355835
macrozona,Austral,2023-12-01,1,13.92954,13.929539680480957,13.929539680480957,13.786149,14.886794
macrozona,Austral,2024-01-01,1,14.29308,14.29308032989502,14.29308032989502,11.349657,15.755116
macrozona,Austral,2024-02-01,1,15.331404,15.331403732299805,15.331403732299805,12.779462,16.090834
macrozona,Austral,2024-03-01,1,12.23842,12.238419532775879,12.238419532775879,13.736433,19.900234
macrozona,Austral,2024-04-01,1,9.977591,9.977590560913086,9.977590560913086,18.848597,21.222252
macrozona,Austral,2024-05-01,1,5.9634643,5.963464260101318,5.963464260101318,20.992844,17.894526
macrozona,Austral,2024-06-01,1,6.73324,6.733240127563477,6.733240127563477,23.865782,21.622404
macrozona,Austral,2024-07-01,1,9.649457,9.649456977844238,9.649456977844238,28.32638,28.04767
macrozona,Austral,2024-08-01,1,9.002703,9.002702713012695,9.002702713012695,26.905554,30.403513
macrozona,Austral,2024-09-01,1,12.32299,12.322990417480469,12.322990417480469,25.966597,41.405273
macrozona,Austral,2024-10-01,1,21.724932,21.724931716918945,21.724931716918945,22.886896,37.431664
macrozona,Austral,2024-11-01,1,19.517483,19.51748275756836,19.51748275756836,17.528685,29.640013
macrozona,Austral,2024-12-01,1,16.195387,16.19538688659668,16.19538688659668,14.350718,21.126097
region,Antofagasta,2019-01-01,2,10.088495,7.146477580070496,13.08712923526764,24.94265,22.682762
region,Antofagasta,2019-02-01,2,8.5195875,7.894098281860352,12.388355255126953,21.308477,18.061335
region,Antofagasta,2019-03-01,2,10.741252,10.021010160446167,15.5684072971344,28.364714,22.716013
region,Antofagasta,2019-04-01,2,13.823776,12.107788801193237,15.559070825576782,31.864786,23.94058
region,Antofagasta,2019-05-01,2,12.227703,10.209702730178833,14.256639242172241,34.59886,23.687319
region,Antofagasta,2019-06-01,2,14.1527195,11.696304082870483,16.60913586616516,35.288315,23.891516
region,Antofagasta,2019-07-01,3,17.732359,10.021196842193604,16.072478771209717,38.038002,25.444498
region,Antofagasta,2019-08-01,2,21.88178,17.660402059555054,25.721946001052856,35.76855,25.58002
region,Antofagasta,2019-09-01,2,26.820843,18.339390993118286,25.575315237045288,44.911987,30.038784
region,Antofagasta,2019-10-01,2,30.037178,21.564231395721436,31.044893741607666,41.001404,32.221832
region,Antofagasta,2019-11-01,2,21.35164,16.827192544937134,25.748818159103394,34.200214,28.483494
region,Antofagasta,2019-12-01,1,20.527967,20.52796745300293,20.52796745300293,39.811127,30.335644
region,Antofagasta,2020-01-01,2,17.101198,12.35692310333252,15.691458702087402,33.078064,27.710745
region,Antofagasta,2020-02-01,2,10.567315,9.151544094085693,11.63857889175415,29.170483,22.182348
region,Antofagasta,2020-03-01,2,8.185153,4.191499561071396,9.252631455659866,29.369133,23.850803
region,Antofagasta,2020-04-01,2,12.707423,10.745624303817749,14.403035402297974,31.156443,24.325466
region,Antofagasta,2020-05-01,2,16.487688,14.768080711364746,17.319626808166504,34.13506,22.341751
region,Antofagasta,2020-06-01,2,18.05293,16.13139033317566,19.00201439857483,37.26554,23.77618
region,Antofagasta,2020-07-01,2,24.729195,6.4285712242126465,19.28571367263794,44.03491,25.753115
region,Antofagasta,2020-08-01,2,24.103155,21.18608808517456,25.05025339126587,42.074356,29.154634
region,Antofagasta,2020-09-01,2,25.136446,20.284985065460205,26.48995351791382,44.33645,30.291485
region,Antofagasta,2020-10-01,2,24.288937,19.458051681518555,28.06717872619629,42.05693,31.58767
region,Antofagasta,2020-11-01,2,22.275349,16.635551691055298,23.39827609062195,40.11754,31.725363
region,Antofagasta,2020-12-01,2,18.00563,15.055152177810669,17.680427312850952,37.550957,30.601006
region,Antofagasta,2021-01-01,2,12.803836,10.04585886001587,13.574470043182373,29.495062,24.41767
region,Antofagasta,2021-02-01,2,5.4425287,3.561783492565155,5.394088327884674,32.14804,24.765877
region,Antofagasta,2021-03-01,2,5.7659874,5.65807580947876,5.885064601898193,28.581682,23.089827
region,Antofagasta,2021-04-01,2,10.183731,9.753482580184937,10.611571550369263,32.546898,23.315708
region,Antofagasta,2021-05-01,2,9.645162,9.036638021469116,10.349427461624146,32.778294,19.329435
region,Antofagasta,2021-06-01,2,10.831586,9.822421073913574,11.821196556091309,33.934986,19.194807
region,Antofagasta,2021-07-01,2,13.319415,12.388286113739014,14.28485918045044,38.283447,24.850872
region,Antofagasta,2021-08-01,2,15.985577,13.869399785995483,18.24603772163391,38.06802,25.566269
region,Antofagasta,2021-09-01,2,18.62911,16.748329877853394,20.483753442764282,41.692696,29.25862
region,Antofagasta,2021-10-01,2,19.89259,18.532464504241943,21.21983003616333,40.085564,30.678999
region,Antofagasta,2021-11-01,2,18.899302,18.285706520080566,19.516337394714355,35.42639,28.410112
region,Antofagasta,2021-12-01,2,13.622539,13.078938722610474,14.167617559432983,27.735855,24.102316
region,Antofagasta,2022-01-01,2,10.621733,9.911380767822266,11.376419067382812,27.174208,22.363636
region,Antofagasta,2022-02-01,2,11.88015,11.67760968208313,12.08087706565857,28.205948,23.062733
region,Antofagasta,2022-03-01,2,9.844307,9.2172110080719,10.895098447799683,31.02905,20.586094
region,Antofagasta,2022-04-01,2,8.984468,9.037430047988892,9.297423124313354,43.354607,24.172659
region,Antofagasta,2022-05-01,2,14.846834,12.752718925476074,16.92391300201416,33.732674,21.564955
region,Antofagasta,2022-06-01,2,12.793686,12.36515498161316,13.296030282974243,35.663235,22.592981
region,Antofagasta,2022-07-01,2,15.710508,14.884331464767456,16.581566095352173,38.16959,24.695593
region,Antofagasta,2022-08-01,2,17.11725,16.542218685150146,17.686115741729736,39.705147,25.765888
region,Antofagasta,2022-09-01,2,20.751553,19.796611785888672,21.36544418334961,41.340294,30.223156
region,Antofagasta,2022-10-01,2,23.372204,21.375511169433594,25.429359436035156,39.617153,29.715769
region,Antofagasta,2022-11-01,2,16.490593,13.898165941238403,19.10478949546814,31.077145,26.3809
region,Antofagasta,2022-12-01,2,13.32357,11.113537073135376,15.42535662651062,28.060425,23.773623
region,Antofagasta,2023-01-01,2,9.663525,8.084447503089905,11.219863772392273,27.69048,22.334929
region,Antofagasta,2023-02-01,2,11.047656,8.73707377910614,13.231823563575745,26.585236,21.34479
region,Antofagasta,2023-03-01,2,8.991138,6.795058250427246,11.169327735900879,26.83326,19.948895
region,Antofagasta,2023-04-01,2,15.081289,13.18629789352417,17.00302743911743,30.698189,23.776917
region,Antofagasta,2023-05-01,2,19.046654,18.005709648132324,20.084786415100098,30.73955,21.92975
region,Antofagasta,2023-06-01,2,22.073324,20.615270137786865,23.547760486602783,33.700066,20.762032
region,Antofagasta,2023-07-01,2,25.464088,22.04167413711548,28.596774578094482,38.46666,25.399761
region,Antofagasta,2023-08-01,2,26.76237,23.482940196990967,29.803934574127197,33.87194,24.41549
region,Antofagasta,2023-09-01,2,31.789127,26.540719985961914,34.74093437194824,39.455223,30.12781
region,Antofagasta,2023-10-01,2,32.915966,9.377223014831543,28.13166904449463,44.694317,35.368736
region,Antofagasta,2023-11-01,2,31.221506,28.49933910369873,33.69772434234619,34.99927,30.74338
region,Antofagasta,2023-12-01,2,23.005394,20.225841999053955,25.822686672210693,31.531925,27.887627
region,Antofagasta,2024-01-01,2,16.085135,15.375744819641113,16.810030937194824,27.912748,23.206598
region,Antofagasta,2024-02-01,2,11.011719,8.337125301361084,11.597582340240479,27.77997,22.320368
region,Antofagasta,2024-03-01,2,11.564746,9.986807823181152,13.113011360168457,28.193901,21.381388
region,Antofagasta,2024-04-01,2,14.926056,13.511593341827393,16.38093328475952,32.17629,23.811367
region,Antofagasta,2024-05-01,2,21.726473,20.31808853149414,23.16181182861328,36.086308,24.167305
region,Antofagasta,2024-06-01,2,23.46127,21.097025871276855,25.8453950881958,35.947773,22.917526
region,Antofagasta,2024-07-01,2,23.97934,23.225550174713135,24.80720090866089,37.75109,26.961363
region,Antofagasta,2024-08-01,2,24.62813,23.803556442260742,25.828458786010742,36.928337,29.157587
region,Antofagasta,2024-09-01,2,28.887955,26.371289253234863,31.418761253356934,41.61643,33.31068
region,Antofagasta,2024-10-01,2,29.227587,25.29342555999756,31.512784004211426,37.226986,34.955505
region,Antofagasta,2024-11-01,2,24.532764,21.833807468414307,27.02467679977417,32.071163,31.482344
region,Antofagasta,2024-12-01,2,21.975725,19.686320781707764,24.28372812271118,31.23101,27.536335
region,Atacama,2019-01-01,1,12.018945,12.01894474029541,12.01894474029541,14.325976,15.433907
region,Atacama,2019-02-01,1,12.043155,12.0431547164917,12.0431547164917,15.560192,16.516523
region,Atacama,2019-03-01,1,13.990591,13.990591049194336,13.990591049194336,14.702738,16.143984
region,Atacama,2019-04-01,1,15.113367,15.113367080688477,15.113367080688477,14.265138,17.52939
region,Atacama,2019-05-01,1,7.1,7.099999904632568,7.099999904632568,11.662712,11.405244
region,Atacama,2019-06-01,1,15.055555,15.05555534362793,15.05555534362793,14.436834,17.201437
region,Atacama,2019-07-01,1,14.614247,14.61424732208252,14.61424732208252,15.561861,19.201258
region,Atacama,2019-08-01,1,15.684211,15.684210777282715,15.684210777282715,17.78637,21.39195
region,Atacama,2019-09-01,1,16.77298,16.772979736328125,16.772979736328125,19.62714,23.043478
region,Atacama,2019-10-01,1,13.619047,13.619047164916992,13.619047164916992,18.784166,26.568054
region,Atacama,2019-11-01,1,11.555555,11.55555534362793,11.55555534362793,16.020641,16.013206
region,Atacama,2019-12-01,1,13.246947,13.246947288513184,13.246947288513184,14.543345,14.264387
region,Atacama,2020-01-01,1,11.521622,11.521621704101562,11.521621704101562,14.158067,14.176024
region,Atacama,2020-02-01,1,15.7098675,15.709867477416992,15.709867477416992,13.42761,16.03494
region,Atacama,2020-03-01,1,22.648611,22.648611068725586,22.648611068725586,13.226335,15.495937
region,Atacama,2020-04-01,1,17.210306,17.21030616760254,17.21030616760254,14.696216,16.000341
region,Atacama,2020-05-01,1,11.477027,11.47702693939209,11.47702693939209,13.461223,12.106872
region,Atacama,2020-06-01,1,5.709815,5.70981502532959,5.70981502532959,15.60319,17.001944
region,Atacama,2020-07-01,1,6.9363146,6.936314582824707,6.936314582824707,17.62184,18.673979
region,Atacama,2020-08-01,1,9.072973,9.072973251342773,9.072973251342773,18.511375,24.117374
region,Atacama,2020-09-01,1,14.127273,14.127272605895996,14.127272605895996,19.632406,22.957182
region,Atacama,2020-10-01,1,19.500679,19.50067901611328,19.50067901611328,19.179523,22.319904
region,Atacama,2020-11-01,1,17.37712,17.377119064331055,17.377119064331055,17.02639,19.47671
region,Atacama,2020-12-01,1,15.893588,15.893588066101074,15.893588066101074,14.542335,16.044235
region,Atacama,2021-01-01,1,14.263592,14.263591766357422,14.263591766357422,14.410114,15.574315
region,Atacama,2021-02-01,1,10.539157,10.539156913757324,10.539156913757324,14.676261,15.95928
region,Atacama,2021-03-01,1,11.907609,11.907608985900879,11.907608985900879,14.682594,15.728369
region,Atacama,2021-04-01,1,8.934498,8.934497833251953,8.934497833251953,13.997752,14.187001
region,Atacama,2021-05-01,1,12.4017725,12.401772499084473,12.401772499084473,15.344755,10.55743
region,Atacama,2021-06-01,1,13.681287,13.681286811828613,13.681286811828613,14.090815,12.080285
region,Atacama,2021-07-01,1,11.015919,11.015918731689453,11.015918731689453,14.518798,14.430093
region,Atacama,2021-08-01,1,10.52168,10.521679878234863,10.521679878234863,17.988628,20.6475
region,Atacama,2021-09-01,1,18.023777,18.02377700805664,18.02377700805664,19.416868,22.251072
region,Atacama,2021-10-01,1,14.50548,14.50547981262207,14.50547981262207,19.267138,19.895342
region,Atacama,2021-11-01,1,8.80866,8.808659553527832,8.808659553527832,15.482891,15.991598
region,Atacama,2021-12-01,1,23.216982,23.216981887817383,23.216981887817383,13.920126,13.717774
region,Atacama,2022-01-01,1,27.142664,27.142663955688477,27.142663955688477,12.319119,12.430859
region,Atacama,2022-02-01,1,13.822388,13.8223876953125,13.8223876953125,13.528663,14.200076
region,Atacama,2022-03-01,1,8.09543,8.095430374145508,8.095430374145508,13.832129,14.49481
region,Atacama,2022-04-01,1,6.039501,6.039501190185547,6.039501190185547,13.369765,12.782638
region,Atacama,2022-05-01,1,5.921997,5.9219970703125,5.9219970703125,13.766667,12.250997
region,Atacama,2022-06-01,1,11.280882,11.280881881713867,11.280881881713867,14.429799,14.764821
region,Atacama,2022-07-01,1,13.926128,13.926128387451172,13.926128387451172,16.735867,19.742487
region,Atacama,2022-08-01,1,16.198572,16.198572158813477,16.198572158813477,17.136692,19.873787
region,Atacama,2022-09-01,1,15.261981,15.261981010437012,15.261981010437012,18.886784,22.101385
region,Atacama,2022-10-01,1,16.95027,16.95026969909668,16.95026969909668,16.698378,18.515816
region,Atacama,2022-11-01,1,12.824684,12.824684143066406,12.824684143066406,15.466105,14.309319
region,Atacama,2022-12-01,1,11.326612,11.32661247253418,11.32661247253418,14.849802,12.152538
region,Atacama,2023-01-01,1,8.265487,8.265486717224121,8.265486717224121,13.201488,12.537273
region,Atacama,2023-02-01,1,2.5490196,2.5490195751190186,2.5490195751190186,15.004086,16.502188
region,Atacama,2023-03-01,1,11.073684,11.073683738708496,11.073683738708496,16.860033,15.014872
region,Atacama,2023-04-01,1,10.580882,10.58088207244873,10.58088207244873,14.833078,14.493517
region,Atacama,2023-05-01,1,14.017473,14.017473220825195,14.017473220825195,13.81357,11.591978
region,Atacama,2023-06-01,1,10.022792,10.022791862487793,10.022791862487793,14.679238,13.705233
region,Atacama,2023-07-01,1,11.393531,11.39353084564209,11.39353084564209,14.719709,16.010975
region,Atacama,2023-08-01,1,10.531629,10.531628608703613,10.531628608703613,16.706518,16.8809
region,Atacama,2023-09-01,1,11.100558,11.100558280944824,11.100558280944824,18.597975,22.276632
region,Atacama,2023-10-01,1,12.0556345,12.055634498596191,12.055634498596191,19.9369,21.308912
region,Atacama,2023-11-01,1,9.852697,9.852697372436523,9.852697372436523,16.585257,16.761032
region,Atacama,2023-12-01,1,14.491428,14.49142837524414,14.49142837524414,14.4592285,14.252498
region,Atacama,2024-01-01,1,8.241892,8.241891860961914,8.241891860961914,13.405259,13.548653
region,Atacama,2024-02-01,1,8.132075,8.132075309753418,8.132075309753418,13.400202,13.180548
region,Atacama,2024-03-01,1,10.102841,10.1028413772583,10.1028413772583,13.004961,14.507295
region,Atacama,2024-04-01,1,8.346591,8.346590995788574,8.346590995788574,14.4564085,17.097479
region,Atacama,2024-05-01,1,10.346521,10.346521377563477,10.346521377563477,15.216749,15.418909
region,Atacama,2024-06-01,1,10.327248,10.327247619628906,10.327247619628906,13.76939,12.210682
region,Atacama,2024-07-01,1,15.117568,15.117568016052246,15.117568016052246,16.033638,18.939579
region,Atacama,2024-08-01,1,14.525676,14.525675773620605,14.525675773620605,18.798914,23.719921
region,Atacama,2024-09-01,1,17.09875,17.0987491607666,17.0987491607666,19.151592,25.813168
region,Atacama,2024-10-01,1,17.06469,17.06468963623047,17.06468963623047,16.802809,23.537434
region,Atacama,2024-11-01,1,12.991667,12.991666793823242,12.991666793823242,15.427539,19.671787
region,Atacama,2024-12-01,1,7.9500675,7.950067520141602,7.950067520141602,14.758999,15.897573
region,Valparaíso,2019-01-01,10,15.926832,11.967975378036499,15.464937925338745,18.986473,45.11361
region,Valparaíso,2019-02-01,10,17.46155,14.95760464668274,16.623387813568115,19.55835,42.009163
region,Valparaíso,2019-03-01,10,16.012154,13.201978206634521,17.873032569885254,17.91868,37.627804
region,Valparaíso,2019-04-01,10,15.829137,12.372883319854736,18.463432788848877,17.025368,31.110502
region,Valparaíso,2019-05-01,10,14.079529,13.051076889038086,16.95585298538208,14.899727,15.091243
region,Valparaíso,2019-06-01,10,11.787204,10.194379329681396,14.724906206130981,16.027084,12.137752
region,Valparaíso,2019-07-01,10,9.038765,7.566305875778198,10.55687427520752,16.935059,17.180342
region,Valparaíso,2019-08-01,10,11.54373,8.650072813034058,12.849503755569458,19.166504,25.184849
region,Valparaíso,2019-09-01,10,15.817938,13.416594743728638,18.390906810760498,21.670317,33.638718
region,Valparaíso,2019-10-01,10,16.485619,12.436877965927124,17.303563594818115,20.80804,36.56071
region,Valparaíso,2019-11-01,10,16.566765,12.49563217163086,17.325804710388184,21.991924,47.04532
region,Valparaíso,2019-12-01,10,17.294737,12.114503860473633,15.8655686378479,19.487034,44.95612
region,Valparaíso,2020-01-01,10,17.556902,12.567794561386108,16.642130374908447,20.096762,42.095703
region,Valparaíso,2020-02-01,10,16.443226,11.408656597137451,15.339908123016357,18.587442,41.687878
region,Valparaíso,2020-03-01,10,15.254558,10.300321102142334,13.358911275863647,18.023842,38.514202
region,Valparaíso,2020-04-01,10,15.090728,10.392577648162842,15.422050714492798,17.641073,27.257578
region,Valparaíso,2020-05-01,10,13.485426,9.688969850540161,13.33075499534607,16.400688,19.714998
region,Valparaíso,2020-06-01,10,11.655801,8.33237099647522,12.092187881469727,16.626469,12.00579
region,Valparaíso,2020-07-01,10,11.885558,8.379568099975586,11.98614501953125,18.124022,15.126985
region,Valparaíso,2020-08-01,10,14.612608,10.637797594070435,15.366310119628906,20.888035,26.230639
region,Valparaíso,2020-09-01,10,15.651912,12.291374444961548,14.028213024139404,22.472254,40.333897
region,Valparaíso,2020-10-01,10,17.47679,12.095645904541016,16.186076402664185,23.507189,43.779934
region,Valparaíso,2020-11-01,10,16.224789,12.013102531433105,15.737846851348877,20.52637,45.494774
region,Valparaíso,2020-12-01,10,14.559751,9.732198238372803,13.45515513420105,19.4236,43.827316
region,Valparaíso,2021-01-01,10,13.651453,9.583306550979614,12.075127840042114,17.236202,41.069386
region,Valparaíso,2021-02-01,10,13.883745,10.12733769416809,14.840086698532104,17.827402,41.63017
region,Valparaíso,2021-03-01,10,15.330034,12.837881088256836,15.511188268661499,18.207085,35.750458
region,Valparaíso,2021-04-01,10,15.905311,12.892742156982422,16.87519383430481,17.07255,28.534834
region,Valparaíso,2021-05-01,10,13.664446,10.3461275100708,15.456216096878052,16.48919,14.828588
region,Valparaíso,2021-06-01,10,10.726177,8.458701610565186,12.343942880630493,14.868065,11.422388
region,Valparaíso,2021-07-01,10,11.673333,9.051186323165894,13.151001453399658,17.262941,19.105844
region,Valparaíso,2021-08-01,10,13.977969,11.10944652557373,14.042935609817505,18.66212,24.437847
region,Valparaíso,2021-09-01,10,17.176296,12.40743350982666,18.437979221343994,22.200418,37.220215
region,Valparaíso,2021-10-01,10,18.02339,11.955077409744263,20.98978281021118,22.865246,40.373337
region,Valparaíso,2021-11-01,10,14.886753,10.715820789337158,14.937695741653442,19.604734,40.74433
region,Valparaíso,2021-12-01,10,15.741259,11.938008546829224,15.221823930740356,19.851189,41.800556
region,Valparaíso,2022-01-01,10,10.489142,8.450738191604614,9.157085418701172,15.607121,37.728157
region,Valparaíso,2022-02-01,10,11.9674635,9.447742938995361,11.359525203704834,17.798096,35.256172
region,Valparaíso,2022-03-01,10,13.410654,12.115095853805542,12.898059844970703,18.466024,37.453022
region,Valparaíso,2022-04-01,10,11.345761,9.524330615997314,12.522802114486694,16.537626,27.878614
region,Valparaíso,2022-05-01,10,10.182299,7.546070218086243,11.534163475036621,16.975758,18.406176
region,Valparaíso,2022-06-01,10,9.748842,6.825443506240845,11.840224504470825,16.074232,11.87172
region,Valparaíso,2022-07-01,10,11.876408,8.537280797958374,15.000439643859863,18.122448,16.794859
region,Valparaíso,2022-08-01,10,13.778169,10.297103881835938,16.25205659866333,20.454075,29.137417
region,Valparaíso,2022-09-01,10,17.289656,13.351595401763916,20.848714351654053,20.610622,34.186775
region,Valparaíso,2022-10-01,10,15.835782,14.053733348846436,17.231741905212402,21.058376,41.762352
region,Valparaíso,2022-11-01,10,16.714226,14.19661545753479,18.04773473739624,19.855898,40.507168
region,Valparaíso,2022-12-01,10,13.997693,11.924678802490234,14.224634408950806,19.355606,46.188244
region,Valparaíso,2023-01-01,10,13.054215,10.305514574050903,13.203719854354858,17.96031,38.101196
region,Valparaíso,2023-02-01,10,16.7811,14.721958637237549,16.550655841827393,20.323246,45.287415
region,Valparaíso,2023-03-01,10,13.429293,10.978155136108398,13.31599497795105,18.83883,38.27569
region,Valparaíso,2023-04-01,10,14.9213,12.123368978500366,16.074321508407593,17.268383,29.95347
region,Valparaíso,2023-05-01,10,11.792694,10.62912893295288,13.418243646621704,15.859475,16.62758
region,Valparaíso,2023-06-01,10,8.877717,8.462214708328247,10.271676301956177,14.600632,12.495739
region,Valparaíso,2023-07-01,10,10.188877,9.273253202438354,10.868689060211182,16.961252,18.923817
region,Valparaíso,2023-08-01,10,13.415774,11.728010654449463,15.087164163589478,18.655998,26.948624
region,Valparaíso,2023-09-01,10,14.49327,13.146132946014404,15.957124948501587,19.573252,30.45269
region,Valparaíso,2023-10-01,10,18.490866,16.373981952667236,20.057244777679443,23.460804,41.660206
region,Valparaíso,2023-11-01,10,16.149744,13.832094430923462,17.89144492149353,19.966888,39.533512
region,Valparaíso,2023-12-01,10,15.427207,14.004190683364868,15.75140929222107,20.159002,43.96624
region,Valparaíso,2024-01-01,10,15.759311,13.284031391143799,14.965516090393066,20.333977,43.21018
region,Valparaíso,2024-02-01,10,15.0354395,12.945191144943237,15.270975828170776,18.674389,40.05279
region,Valparaíso,2024-03-01,10,15.888119,13.988870859146118,16.027921676635742,17.707226,41.34621
region,Valparaíso,2024-04-01,10,15.401602,11.797853231430054,17.193171501159668,17.141098,26.11596
region,Valparaíso,2024-05-01,10,12.770581,8.874645233154297,15.020992279052734,16.277855,12.4267025
region,Valparaíso,2024-06-01,10,14.290907,8.913140535354614,19.3262836933136,16.727703,12.186839
region,Valparaíso,2024-07-01,10,15.369459,9.785561084747314,16.262030363082886,18.734903,19.933914
region,Valparaíso,2024-08-01,10,19.55683,13.099541425704956,23.29092311859131,20.088171,26.509037
region,Valparaíso,2024-09-01,10,22.46513,16.38428497314453,27.56199884414673,22.6098,39.92122
region,Valparaíso,2024-10-01,10,22.857569,17.427605152130127,24.750765323638916,22.059021,46.73369
region,Valparaíso,2024-11-01,10,21.703318,17.01386022567749,22.9891300201416,20.49309,42.75265
region,Valparaíso,2024-12-01,10,23.241539,16.002805471420288,26.364980220794678,20.110388,43.6003
region,Metropolitana,2019-01-01,9,21.269896,19.15696907043457,23.30926513671875,26.907969,38.24262
region,Metropolitana,2019-02-01,9,21.697971,18.96784019470215,24.237668991088867,27.395267,36.15125
region,Metropolitana,2019-03-01,9,17.856863,16.264507293701172,20.5123291015625,23.452372,30.148298
region,Metropolitana,2019-04-01,9,14.512407,13.631284713745117,15.491643905639648,19.696468,25.042397
region,Metropolitana,2019-05-01,9,8.06962,6.657681941986084,8.862957954406738,15.279651,15.963744
region,Metropolitana,2019-06-01,9,4.9415183,3.5638887882232666,5.532775402069092,16.540684,16.095867
region,Metropolitana,2019-07-01,9,5.6616635,3.728947401046753,7.7728495597839355,19.269077,23.74516
region,Metropolitana,2019-08-01,9,9.742844,8.628331184387207,11.309659004211426,22.066431,31.443056
region,Metropolitana,2019-09-01,9,15.468712,14.973610877990723,17.300764083862305,24.305265,36.402225
region,Metropolitana,2019-10-01,9,17.80341,17.36693572998047,19.67461395263672,23.965605,36.18041
region,Metropolitana,2019-11-01,9,22.259565,19.630556106567383,24.120832443237305,28.893202,40.050694
region,Metropolitana,2019-12-01,9,22.27747,19.597774505615234,24.54166603088379,27.95308,39.6568
region,Metropolitana,2020-01-01,9,22.258556,19.443395614624023,25.784255981445312,29.212267,41.892326
region,Metropolitana,2020-02-01,8,23.606092,21.27018928527832,25.155531883239746,29.173725,39.701603
region,Metropolitana,2020-03-01,8,21.54939,20.008217334747314,23.774101734161377,25.807579,32.93242
region,Metropolitana,2020-04-01,8,19.220253,18.470131397247314,20.605738639831543,19.578379,24.622047
region,Metropolitana,2020-05-01,7,11.322777,10.58704423904419,12.375519275665283,16.943146,21.26637
region,Metropolitana,2020-06-01,7,5.7956724,4.969565153121948,6.379482746124268,14.8598,17.023159
region,Metropolitana,2020-07-01,7,6.533155,5.226507663726807,7.378340244293213,19.754704,21.912422
region,Metropolitana,2020-08-01,7,12.130658,11.07077693939209,13.764519214630127,21.38525,33.874245
region,Metropolitana,2020-09-01,7,18.546715,16.4073429107666,19.11644172668457,27.588043,43.562386
region,Metropolitana,2020-10-01,6,23.495531,21.921292304992676,25.011085510253906,28.498795,42.496956
region,Metropolitana,2020-11-01,6,22.635197,21.577786445617676,24.177536010742188,27.57586,42.9171
region,Metropolitana,2020-12-01,8,23.147612,22.037790298461914,25.21337127685547,30.347862,42.155746
region,Metropolitana,2021-01-01,8,22.321533,21.2836012840271,23.920984745025635,27.064596,39.09638
region,Metropolitana,2021-02-01,8,20.936077,19.99318504333496,22.395915031433105,26.79694,34.75944
region,Metropolitana,2021-03-01,8,19.276703,17.479689121246338,21.279075145721436,25.189594,30.260862
region,Metropolitana,2021-04-01,8,15.695829,13.780783891677856,16.73386287689209,19.978378,24.398642
region,Metropolitana,2021-05-01,8,8.688486,7.419004917144775,9.152451276779175,17.182667,17.111115
region,Metropolitana,2021-06-01,8,5.069234,4.648154020309448,5.33375358581543,14.640107,15.328589
region,Metropolitana,2021-07-01,7,6.179323,5.4416184425354,6.436384916305542,19.23419,25.440264
region,Metropolitana,2021-08-01,7,9.056287,8.132224082946777,9.352478504180908,19.179583,32.568886
region,Metropolitana,2021-09-01,7,17.01103,16.21699333190918,17.73928165435791,26.466331,43.66157
region,Metropolitana,2021-10-01,7,23.269659,22.360811233520508,24.08897876739502,29.298716,38.19827
region,Metropolitana,2021-11-01,7,22.854162,21.572001457214355,23.84233856201172,29.438505,40.334618
region,Metropolitana,2021-12-01,7,26.057402,24.381577491760254,27.069902420043945,30.875471,42.536213
region,Metropolitana,2022-01-01,7,21.6095,20.273797035217285,21.762858390808105,22.741375,37.702003
region,Metropolitana,2022-02-01,7,23.303177,21.28852653503418,24.360685348510742,26.304264,34.189537
region,Metropolitana,2022-03-01,7,20.37847,20.108549118041992,20.759846687316895,25.429934,33.061382
region,Metropolitana,2022-04-01,7,14.73822,13.714963436126709,15.18813419342041,21.315536,26.336962
region,Metropolitana,2022-05-01,7,7.6071644,6.857976198196411,8.125740766525269,17.568138,17.677448
region,Metropolitana,2022-06-01,7,4.8883014,3.7934306859970093,5.735918045043945,17.825613,17.037066
region,Metropolitana,2022-07-01,7,5.5682087,4.7058985233306885,6.349196434020996,20.745918,22.63952
region,Metropolitana,2022-08-01,7,9.375721,8.736119270324707,10.164385318756104,24.264984,34.49575
region,Metropolitana,2022-09-01,7,15.610987,15.221889972686768,16.53836154937744,23.932959,37.492855
region,Metropolitana,2022-10-01,7,19.94362,19.567169189453125,20.32162857055664,27.293661,41.41538
region,Metropolitana,2022-11-01,7,23.259472,22.835688591003418,23.718671798706055,29.84456,38.749832
region,Metropolitana,2022-12-01,7,24.893751,23.317874908447266,26.457462310791016,29.068758,43.834694
region,Metropolitana,2023-01-01,7,25.309006,23.449182510375977,27.00313663482666,27.737259,37.376915
region,Metropolitana,2023-02-01,7,31.494558,28.396252632141113,33.57402038574219,30.923086,39.665585
region,Metropolitana,2023-03-01,7,21.849075,19.343419075012207,23.28159809112549,27.343596,32.933235
region,Metropolitana,2023-04-01,7,16.430958,14.201245307922363,18.71053695678711,20.75182,25.553493
region,Metropolitana,2023-05-01,7,8.244401,7.003844499588013,9.547317504882812,16.90126,16.629087
region,Metropolitana,2023-06-01,7,4.4504175,3.451851963996887,5.208570718765259,15.672992,17.69631
region,Metropolitana,2023-07-01,7,4.8390284,3.8088595867156982,5.527849197387695,20.102922,24.546747
region,Metropolitana,2023-08-01,7,9.110785,7.7013702392578125,10.205248832702637,23.422056,30.432205
region,Metropolitana,2023-09-01,7,11.289175,9.83220911026001,12.9146089553833,23.910854,37.115665
region,Metropolitana,2023-10-01,7,18.475748,17.14119052886963,19.882760047912598,31.460485,40.57718
region,Metropolitana,2023-11-01,6,18.963007,16.71432876586914,19.36162757873535,28.653559,41.321213
region,Metropolitana,2023-12-01,7,21.518549,19.413445472717285,22.911335945129395,31.813543,43.032913
region,Metropolitana,2024-01-01,7,24.026743,20.337519645690918,26.81003761291504,34.276188,43.59248
region,Metropolitana,2024-02-01,7,23.8322,20.370564460754395,25.82778263092041,31.488422,38.244045
region,Metropolitana,2024-03-01,7,22.02666,18.986912727355957,23.648700714111328,25.394577,35.333733
region,Metropolitana,2024-04-01,7,13.978098,13.146268844604492,14.915685176849365,19.564228,25.589025
region,Metropolitana,2024-05-01,7,5.966774,5.128719091415405,6.767484426498413,16.910194,16.762432
region,Metropolitana,2024-06-01,7,4.692862,3.974056601524353,5.688630819320679,19.244549,18.117977
region,Metropolitana,2024-07-01,7,5.9248657,5.073245286941528,6.7929322719573975,21.719536,24.916933
region,Metropolitana,2024-08-01,7,9.019014,8.069531440734863,9.88038682937622,21.975767,33.443573
region,Metropolitana,2024-09-01,7,16.79946,15.412795066833496,17.809417724609375,28.589556,45.701374
region,Metropolitana,2024-10-01,7,21.618317,20.186134338378906,22.219305992126465,30.27514,44.343643
region,Metropolitana,2024-11-01,7,23.846945,22.162633895874023,24.299718856811523,28.317572,42.0494
region,Metropolitana,2024-12-01,7,25.550049,23.81983757019043,26.717506408691406,29.678371,42.374485
region,O'Higgins,2019-01-01,1,22.532148,22.532148361206055,22.532148361206055,26.2729,31.451765
region,O'Higgins,2019-02-01,1,19.621052,19.621051788330078,19.621051788330078,28.395777,32.39492
region,O'Higgins,2019-03-01,1,21.295794,21.295793533325195,21.295793533325195,25.366451,26.461407
region,O'Higgins,2019-04-01,1,15.729577,15.72957706451416,15.72957706451416,25.148178,20.723019
region,O'Higgins,2019-05-01,1,7.231081,7.231081008911133,7.231081008911133,21.530535,11.937165
region,O'Higgins,2019-06-01,1,6.4293704,6.429370403289795,6.429370403289795,23.670023,11.755075
region,O'Higgins,2019-07-01,1,6.903794,6.903793811798096,6.903793811798096,25.812506,17.480738
region,O'Higgins,2019-08-01,1,10.075676,10.075675964355469,10.075675964355469,27.926758,20.47642
region,O'Higgins,2019-09-01,1,17.089457,17.08945655822754,17.08945655822754,31.435963,27.800098
region,O'Higgins,2019-10-01,1,15.120271,15.120270729064941,15.120270729064941,28.960007,27.08395
region,O'Higgins,2019-11-01,1,21.941423,21.941423416137695,21.941423416137695,30.139397,27.839443
region,O'Higgins,2019-12-01,1,23.11096,23.110960006713867,23.110960006713867,28.127033,27.81939
region,O'Higgins,2020-01-01,1,23.964722,23.9647216796875,23.9647216796875,29.49883,32.04473
region,O'Higgins,2020-02-01,1,21.524904,21.524904251098633,21.524904251098633,28.38159,32.32148
region,O'Higgins,2020-03-01,1,18.607336,18.607336044311523,18.607336044311523,27.832554,28.21451
region,O'Higgins,2020-04-01,1,18.844414,18.84441375732422,18.84441375732422,25.475214,18.803766
region,O'Higgins,2020-05-01,1,11.874325,11.874324798583984,11.874324798583984,24.734066,13.541974
region,O'Higgins,2020-06-01,1,12.303496,12.303496360778809,12.303496360778809,25.120026,12.531758
region,O'Higgins,2020-07-01,2,11.686782,10.79706072807312,12.37274956703186,32.310524,21.408136
region,O'Higgins,2020-08-01,2,13.636486,12.681756734848022,14.591216325759888,33.173798,30.17894
region,O'Higgins,2020-09-01,2,16.270994,15.548179864883423,16.97170901298523,37.90548,37.293274
region,O'Higgins,2020-10-01,2,16.553118,16.306488037109375,16.785945892333984,37.80743,33.196396
region,O'Higgins,2020-11-01,2,15.6075945,14.518987655639648,16.696203231811523,34.604855,33.49596
region,O'Higgins,2020-12-01,2,17.935818,16.950682640075684,18.907448768615723,33.475147,32.50301
region,O'Higgins,2021-01-01,2,16.503056,15.760604858398438,17.235492706298828,31.185045,31.03474
region,O'Higgins,2021-02-01,2,13.493312,12.25083589553833,14.990102291107178,31.396955,30.01773
region,O'Higgins,2021-03-01,2,12.891929,12.097879409790039,13.726070404052734,32.85901,26.433226
region,O'Higgins,2021-04-01,2,11.106126,10.706787347793579,11.531302213668823,30.36179,21.618517
region,O'Higgins,2021-05-01,2,7.0068684,6.533450245857239,7.452512145042419,27.330248,15.453093
region,O'Higgins,2021-06-01,2,3.77739,3.772241175174713,3.7825533747673035,26.64154,14.038824
region,O'Higgins,2021-07-01,2,5.351388,5.283994078636169,5.418964505195618,31.088278,22.485989
region,O'Higgins,2021-08-01,2,7.3390527,6.5075695514678955,8.119640111923218,32.54418,27.7778
region,O'Higgins,2021-09-01,2,15.2563925,14.171777486801147,16.417567491531372,35.36018,37.47453
region,O'Higgins,2021-10-01,2,22.24678,21.826548099517822,22.670444011688232,37.186543,31.845259
region,O'Higgins,2021-11-01,2,21.294819,20.895960330963135,21.700435161590576,34.32473,32.431282
region,O'Higgins,2021-12-01,2,23.469595,22.83686876296997,24.105748653411865,34.548916,34.20251
region,O'Higgins,2022-01-01,2,18.18412,17.7615065574646,18.62687349319458,25.260742,29.498835
region,O'Higgins,2022-02-01,2,20.391405,19.99519443511963,20.829894065856934,31.516317,27.845428
region,O'Higgins,2022-03-01,2,19.321815,18.439664363861084,20.18973970413208,32.305504,27.795944
region,O'Higgins,2022-04-01,2,13.590044,12.790806770324707,14.375361442565918,30.08618,22.930792
region,O'Higgins,2022-05-01,2,5.145749,4.912280797958374,5.3792173862457275,29.07443,13.886029
region,O'Higgins,2022-06-01,2,6.035764,6.020721673965454,6.050976514816284,28.483244,16.204945
region,O'Higgins,2022-07-01,2,7.8638816,7.850404500961304,7.877358675003052,30.975342,22.969622
region,O'Higgins,2022-08-01,2,10.303173,10.166524171829224,10.440192937850952,35.7369,29.803116
region,O'Higgins,2022-09-01,2,15.40431,15.262830972671509,15.45590853691101,34.92577,33.04394
region,O'Higgins,2022-10-01,2,22.356606,22.212817192077637,22.494606971740723,33.742157,33.502544
region,O'Higgins,2022-11-01,2,27.865828,26.58866548538208,29.139424800872803,35.75084,29.853056
region,O'Higgins,2022-12-01,2,28.198648,26.69189167022705,29.705405235290527,32.482388,32.730083
region,O'Higgins,2023-01-01,2,29.08294,27.753457069396973,30.423224449157715,30.618504,29.91931
region,O'Higgins,2023-02-01,2,38.709484,37.09830951690674,40.33516597747803,36.544983,36.15416
region,O'Higgins,2023-03-01,2,26.72537,25.09089183807373,28.351052284240723,32.42954,27.959406
region,O'Higgins,2023-04-01,2,19.806429,19.617313861846924,19.984017848968506,30.520193,22.612967
region,O'Higgins,2023-05-01,2,10.832924,8.489456176757812,11.787870407104492,27.497318,14.273921
region,O'Higgins,2023-06-01,2,8.320169,7.11206328868866,9.481488823890686,27.022686,15.59082
region,O'Higgins,2023-07-01,2,6.9161425,5.6545045375823975,8.009890794754028,30.939526,23.358837
region,O'Higgins,2023-08-01,2,11.480432,10.141560792922974,12.833835363388062,31.438137,29.500937
region,O'Higgins,2023-09-01,2,12.823447,11.525344371795654,14.117931842803955,33.253185,31.616064
region,O'Higgins,2023-10-01,2,20.5,19.5421199798584,21.4578800201416,39.012115,35.572914
region,O'Higgins,2023-11-01,2,17.20028,16.361942529678345,18.033934354782104,32.84475,31.890242
region,O'Higgins,2023-12-01,2,18.515625,17.673850536346436,19.20119333267212,34.65975,35.063225
region,O'Higgins,2024-01-01,2,20.101147,19.37114667892456,20.83311700820923,38.453846,33.77133
region,O'Higgins,2024-02-01,2,19.545586,18.811142921447754,20.280028343200684,34.399483,30.27363
region,O'Higgins,2024-03-01,2,17.531143,16.319475173950195,18.675092697143555,31.069334,28.730251
region,O'Higgins,2024-04-01,2,11.645275,11.114598274230957,12.175951957702637,28.169823,22.5373
region,O'Higgins,2024-05-01,2,6.340762,6.149549961090088,6.488588809967041,28.329943,13.885076
region,O'Higgins,2024-06-01,2,6.3515205,6.245231866836548,6.52483344078064,30.589994,19.488771
region,O'Higgins,2024-07-01,2,5.779321,5.671278238296509,5.970474004745483,34.205883,22.629519
region,O'Higgins,2024-08-01,2,10.731007,10.582127809524536,10.877057790756226,32.52941,28.867868
region,O'Higgins,2024-09-01,2,16.78455,16.17697262763977,17.350541830062866,37.709095,39.673897
region,O'Higgins,2024-10-01,2,18.087257,17.531257152557373,18.691465854644775,37.171997,37.49983
region,O'Higgins,2024-11-01,2,18.479887,17.917869091033936,19.01254892349243,32.45075,33.86238
region,O'Higgins,2024-12-01,2,21.153574,20.271109104156494,21.88316297531128,33.369724,32.646915
region,Maule,2019-01-01,1,14.249657,14.249656677246094,14.249656677246094,23.864216,22.876812
region,Maule,2019-02-01,1,14.6786785,14.678678512573242,14.678678512573242,25.595797,25.37404
region,Maule,2019-03-01,1,12.172554,12.172554016113281,12.172554016113281,23.904984,25.034443
region,Maule,2019-04-01,1,8.601408,8.601408004760742,8.601408004760742,23.849371,23.094774
region,Maule,2019-05-01,1,3.7753425,3.7753424644470215,3.7753424644470215,20.62817,15.586698
region,Maule,2019-06-01,1,5.3001404,5.300140380859375,5.300140380859375,22.657658,15.89408
region,Maule,2019-07-01,1,3.703552,3.703552007675171,3.703552007675171,24.548386,16.72921
region,Maule,2019-08-01,1,2.696477,2.696476936340332,2.696476936340332,25.682673,17.057049
region,Maule,2019-09-01,1,4.312849,4.312849044799805,4.312849044799805,28.461666,23.586237
region,Maule,2019-10-01,1,3.3550725,3.355072498321533,3.355072498321533,25.414038,23.407124
region,Maule,2019-11-01,1,7.9986014,7.99860143661499,7.99860143661499,24.59667,24.11272
region,Maule,2019-12-01,1,14.318182,14.318181991577148,14.318181991577148,24.031061,23.667341
region,Maule,2020-01-01,1,15.419682,15.419681549072266,15.419681549072266,27.771257,23.936352
region,Maule,2020-02-01,1,13.008671,13.008670806884766,13.008670806884766,24.793056,23.947206
region,Maule,2020-03-01,1,12.620271,12.620270729064941,12.620270729064941,24.632446,22.867622
region,Maule,2020-04-01,1,10.623358,10.623357772827148,10.623357772827148,23.542374,19.184292
region,Maule,2020-05-01,1,6.5203805,6.52038049697876,6.52038049697876,21.828762,12.57551
region,Maule,2020-06-01,1,7.844852,7.844851970672607,7.844851970672607,24.717834,17.069393
region,Maule,2020-07-01,1,8.6403265,8.640326499938965,8.640326499938965,27.044947,17.388636
region,Maule,2020-08-01,1,11.017544,11.01754379272461,11.01754379272461,28.522728,21.963064
region,Maule,2020-09-01,1,9.951049,9.951048851013184,9.951048851013184,30.06369,24.332037
region,Maule,2020-10-01,1,15.14054,15.14054012298584,15.14054012298584,28.985075,26.491898
region,Maule,2020-11-01,1,8.3748255,8.374825477600098,8.374825477600098,26.968313,23.614115
region,Maule,2020-12-01,1,6.7530694,6.7530694007873535,6.7530694007873535,24.388369,22.275848
region,Maule,2021-01-01,1,6.5724044,6.572404384613037,6.572404384613037,23.349129,21.056622
region,Maule,2021-02-01,1,6.2605424,6.260542392730713,6.260542392730713,24.87958,24.495668
region,Maule,2021-03-01,1,11.89782,11.897820472717285,11.897820472717285,25.17028,21.97415
region,Maule,2021-04-01,1,9.042647,9.042647361755371,9.042647361755371,22.033388,18.556253
region,Maule,2021-05-01,1,2.948579,2.9485790729522705,2.9485790729522705,22.962307,12.684105
region,Maule,2021-06-01,1,2.5986013,2.5986013412475586,2.5986013412475586,22.655756,11.425876
region,Maule,2021-07-01,1,4.2419353,4.2419352531433105,4.2419352531433105,25.11382,14.446047
region,Maule,2021-08-01,1,8.490489,8.49048900604248,8.49048900604248,28.058575,19.397598
region,Maule,2021-09-01,1,16.917366,16.91736602783203,16.91736602783203,28.500292,25.304129
region,Maule,2021-10-01,1,18.785915,18.78591537475586,18.78591537475586,28.714918,27.046509
region,Maule,2021-11-01,1,12.758721,12.758721351623535,12.758721351623535,25.24367,23.140728
region,Maule,2021-12-01,1,14.649864,14.649864196777344,14.649864196777344,28.105225,24.116732
region,Maule,2022-01-01,1,10.369063,10.369063377380371,10.369063377380371,19.379482,17.44836
region,Maule,2022-02-01,1,13.040663,13.04066276550293,13.04066276550293,24.35054,20.782951
region,Maule,2022-03-01,1,9.165761,9.16576099395752,9.16576099395752,22.602049,21.761559
region,Maule,2022-04-01,1,6.8117647,6.811764717102051,6.811764717102051,21.38946,17.578438
region,Maule,2022-05-01,1,5.315718,5.315718173980713,5.315718173980713,23.735897,14.948556
region,Maule,2022-06-01,1,5.567832,5.567831993103027,5.567831993103027,24.636322,13.220723
region,Maule,2022-07-01,1,7.1529093,7.152909278869629,7.152909278869629,25.239706,17.999311
region,Maule,2022-08-01,1,7.745602,7.745602130889893,7.745602130889893,28.39127,18.466196
region,Maule,2022-09-01,1,10.600558,10.600558280944824,10.600558280944824,27.301172,21.729336
region,Maule,2022-10-01,1,12.644505,12.64450454711914,12.64450454711914,24.938795,22.979939
region,Maule,2022-11-01,1,13.223464,13.223464012145996,13.223464012145996,26.85287,23.753437
region,Maule,2022-12-01,1,13.902702,13.902702331542969,13.902702331542969,23.036816,21.279337
region,Maule,2023-01-01,1,15.235135,15.235135078430176,15.235135078430176,23.930141,21.737104
region,Maule,2023-02-01,1,20.658682,20.658681869506836,20.658681869506836,26.69814,41.64911
region,Maule,2023-03-01,1,11.260515,11.260515213012695,11.260515213012695,23.080566,22.7864
region,Maule,2023-04-01,1,8.252101,8.252100944519043,8.252100944519043,22.903158,19.354815
region,Maule,2023-05-01,1,7.1106615,7.110661506652832,7.110661506652832,23.405579,14.431865
region,Maule,2023-06-01,1,7.8223777,7.822377681732178,7.822377681732178,22.37501,13.361575
region,Maule,2023-07-01,1,12.27027,12.270270347595215,12.270270347595215,24.883068,16.02747
region,Maule,2023-08-01,1,10.94452,10.944519996643066,10.944519996643066,26.963276,21.143066
region,Maule,2023-09-01,1,14.080893,14.080892562866211,14.080892562866211,26.863941,25.523645
region,Maule,2023-10-01,1,15.667567,15.667567253112793,15.667567253112793,28.65097,26.320812
region,Maule,2023-11-01,1,18.835426,18.835426330566406,18.835426330566406,23.35791,22.620644
region,Maule,2023-12-01,1,17.37382,17.37381935119629,17.37381935119629,25.008894,21.153528
region,Maule,2024-01-01,1,16.609756,16.609756469726562,16.609756469726562,27.541061,20.760798
region,Maule,2024-02-01,1,17.036076,17.036075592041016,17.036075592041016,24.078018,20.716166
region,Maule,2024-03-01,1,12.974394,12.974393844604492,12.974393844604492,20.584232,22.304646
region,Maule,2024-04-01,1,10.189607,10.189606666564941,10.189606666564941,21.800959,19.97538
region,Maule,2024-05-01,1,6.746289,6.746288776397705,6.746288776397705,22.33408,13.24027
region,Maule,2024-06-01,1,7.1866293,7.186629295349121,7.186629295349121,25.152145,19.55707
region,Maule,2024-07-01,1,7.037685,7.037684917449951,7.037684917449951,26.110884,15.655562
region,Maule,2024-08-01,1,6.4885597,6.488559722900391,6.488559722900391,27.664158,24.679047
region,Maule,2024-09-01,1,8.664346,8.664345741271973,8.664345741271973,27.983442,30.460491
region,Maule,2024-10-01,1,11.666667,11.666666984558105,11.666666984558105,29.396643,29.777124
region,Maule,2024-11-01,1,11.834493,11.834492683410645,11.834492683410645,23.282152,28.198605
region,Maule,2024-12-01,1,11.477793,11.477792739868164,11.477792739868164,25.165993,23.597525
region,Biobío–Ñuble,2019-01-01,7,7.1677094,6.052066087722778,8.654540777206421,17.60316,19.327703
region,Biobío–Ñuble,2019-02-01,7,7.749783,7.096697807312012,8.892469882965088,18.153599,20.412178
region,Biobío–Ñuble,2019-03-01,8,9.300018,7.9349822998046875,11.841713666915894,17.166132,20.713848
region,Biobío–Ñuble,2019-04-01,9,8.352414,7.566619873046875,9.0,18.040472,20.051899
region,Biobío–Ñuble,2019-05-01,10,9.199592,7.636479377746582,11.171489477157593,17.641151,17.00886
region,Biobío–Ñuble,2019-06-01,9,11.279285,8.960339546203613,15.185420036315918,20.736345,17.928003
region,Biobío–Ñuble,2019-07-01,10,12.53282,10.56828784942627,17.366547107696533,23.411367,20.989216
region,Biobío–Ñuble,2019-08-01,10,12.032843,8.733748197555542,18.466543674468994,23.896446,22.054968
region,Biobío–Ñuble,2019-09-01,10,14.713587,10.408536911010742,20.988976001739502,25.836664,24.888113
region,Biobío–Ñuble,2019-10-01,10,12.731867,9.942109107971191,15.814636945724487,22.580168,22.727438
region,Biobío–Ñuble,2019-11-01,11,13.029403,8.938329696655273,16.855473041534424,21.046465,21.59474
region,Biobío–Ñuble,2019-12-01,11,11.360371,8.25094747543335,15.408881664276123,19.5995,20.304232
region,Biobío–Ñuble,2020-01-01,11,11.409645,7.0039222240448,14.564690113067627,21.155533,19.574114
region,Biobío–Ñuble,2020-02-01,12,12.355785,8.562631607055664,13.456870079040527,18.898657,19.473871
region,Biobío–Ñuble,2020-03-01,12,12.10779,9.295701503753662,12.57764196395874,20.726513,20.795547
region,Biobío–Ñuble,2020-04-01,12,12.442527,9.41357970237732,12.90462851524353,20.663658,19.688755
region,Biobío–Ñuble,2020-05-01,11,9.516133,6.897322416305542,10.765124320983887,19.558195,15.211529
region,Biobío–Ñuble,2020-06-01,12,14.69701,12.482459306716919,16.538747787475586,23.762463,19.944345
region,Biobío–Ñuble,2020-07-01,11,14.811789,10.494958877563477,17.634273529052734,25.419771,20.375633
region,Biobío–Ñuble,2020-08-01,10,16.583368,13.412913799285889,19.0843768119812,27.587683,24.85854
region,Biobío–Ñuble,2020-09-01,10,16.757113,15.053578853607178,18.611717700958252,27.184324,25.493523
region,Biobío–Ñuble,2020-10-01,10,14.513444,12.172426462173462,16.290934801101685,24.697979,25.101234
region,Biobío–Ñuble,2020-11-01,10,14.052029,11.838249921798706,15.711122512817383,23.060074,21.217697
region,Biobío–Ñuble,2020-12-01,14,11.241503,8.14269495010376,11.510699272155762,18.716705,18.771738
region,Biobío–Ñuble,2021-01-01,14,10.436424,7.694679617881775,12.168094396591187,16.827187,16.687384
region,Biobío–Ñuble,2021-02-01,14,14.999066,9.382542610168457,18.423834800720215,18.85488,19.007917
region,Biobío–Ñuble,2021-03-01,14,14.091872,8.721567153930664,17.863171815872192,19.437906,19.893982
region,Biobío–Ñuble,2021-04-01,13,12.266754,8.685589790344238,14.820659637451172,18.222643,16.861155
region,Biobío–Ñuble,2021-05-01,13,12.467059,8.76048755645752,13.8403959274292,20.643589,15.556189
region,Biobío–Ñuble,2021-06-01,14,11.891497,8.693858623504639,14.25900149345398,21.57468,16.095152
region,Biobío–Ñuble,2021-07-01,14,11.927228,8.960804224014282,15.195646047592163,24.281599,19.990248
region,Biobío–Ñuble,2021-08-01,14,13.682981,8.994362354278564,18.2636456489563,27.253239,24.675655
region,Biobío–Ñuble,2021-09-01,14,14.331835,11.871305465698242,17.646124839782715,25.507761,27.66772
region,Biobío–Ñuble,2021-10-01,14,14.767546,11.537290096282959,17.35166025161743,24.357916,26.320026
region,Biobío–Ñuble,2021-11-01,14,13.542512,9.782823085784912,14.509718179702759,18.862093,20.55459
region,Biobío–Ñuble,2021-12-01,14,13.480092,10.245819091796875,14.964020252227783,21.625956,20.363565
region,Biobío–Ñuble,2022-01-01,14,10.614742,8.14379072189331,11.793471097946167,15.913492,16.29915
region,Biobío–Ñuble,2022-02-01,14,12.359845,9.72786259651184,14.461805820465088,17.115602,16.801273
region,Biobío–Ñuble,2022-03-01,14,11.538454,8.311144828796387,12.611544609069824,16.564993,18.869291
region,Biobío–Ñuble,2022-04-01,14,10.541873,7.477181077003479,11.453343629837036,18.379932,18.957134
region,Biobío–Ñuble,2022-05-01,14,8.999803,6.036848783493042,10.285083770751953,20.663795,17.231724
region,Biobío–Ñuble,2022-06-01,14,10.976297,9.295522689819336,11.628335237503052,21.634491,18.935045
region,Biobío–Ñuble,2022-07-01,14,14.304914,12.248446702957153,16.536396503448486,23.93673,23.756207
region,Biobío–Ñuble,2022-08-01,14,12.904527,10.79876446723938,15.462037324905396,25.631098,23.299139
region,Biobío–Ñuble,2022-09-01,14,14.420187,12.578973770141602,16.980634927749634,24.374279,23.662163
region,Biobío–Ñuble,2022-10-01,14,14.527187,13.460429191589355,16.99729633331299,21.329788,23.219332
region,Biobío–Ñuble,2022-11-01,14,13.820822,12.82627534866333,15.048479557037354,20.977472,20.236242
region,Biobío–Ñuble,2022-12-01,14,10.684955,8.55101203918457,11.017709255218506,17.876959,17.630928
region,Biobío–Ñuble,2023-01-01,14,11.134687,8.465335845947266,11.677660465240479,18.085135,16.251799
region,Biobío–Ñuble,2023-02-01,14,11.871345,8.461482048034668,12.329848527908325,17.707378,23.638636
region,Biobío–Ñuble,2023-03-01,14,10.343901,7.785857081413269,10.43994426727295,18.829418,19.15421
region,Biobío–Ñuble,2023-04-01,14,9.908711,7.225746512413025,10.580774068832397,19.355307,17.648674
region,Biobío–Ñuble,2023-05-01,14,10.084968,7.091683864593506,11.229458093643188,21.105707,17.776117
region,Biobío–Ñuble,2023-06-01,14,12.601836,9.704092502593994,13.016474485397339,21.32786,18.707273
region,Biobío–Ñuble,2023-07-01,14,13.495383,9.72479796409607,13.509196043014526,23.792723,21.669794
region,Biobío–Ñuble,2023-08-01,14,15.242197,11.090988397598267,15.332132577896118,24.984707,27.2315
region,Biobío–Ñuble,2023-09-01,14,17.510191,12.115633487701416,16.49061679840088,24.878563,29.157806
region,Biobío–Ñuble,2023-10-01,14,16.827637,11.626351594924927,19.610273361206055,24.255976,28.000278
region,Biobío–Ñuble,2023-11-01,10,13.582075,11.600318908691406,14.611385822296143,20.303947,22.409285
region,Biobío–Ñuble,2023-12-01,10,12.280447,10.16703486442566,12.195168495178223,19.927761,20.125252
region,Biobío–Ñuble,2024-01-01,10,12.682179,9.38856029510498,13.375700950622559,20.122513,19.139013
region,Biobío–Ñuble,2024-02-01,10,13.426541,10.141399383544922,13.71544885635376,19.078232,18.13767
region,Biobío–Ñuble,2024-03-01,10,12.220327,9.70018720626831,11.144445419311523,16.878935,19.426373
region,Biobío–Ñuble,2024-04-01,10,12.722337,9.70738673210144,14.136858701705933,18.690916,18.887196
region,Biobío–Ñuble,2024-05-01,14,11.397986,8.862990379333496,17.54000449180603,19.39409,16.122433
region,Biobío–Ñuble,2024-06-01,14,18.468756,14.035201072692871,20.836917877197266,23.881811,23.534168
region,Biobío–Ñuble,2024-07-01,14,11.796862,8.391202926635742,15.553092002868652,25.17019,22.07549
region,Biobío–Ñuble,2024-08-01,14,14.784844,11.233596563339233,16.964807987213135,25.659586,28.928886
region,Biobío–Ñuble,2024-09-01,14,19.45593,16.961759090423584,20.70292091369629,26.19054,35.111458
region,Biobío–Ñuble,2024-10-01,14,16.70455,13.266677856445312,17.199350833892822,25.344059,31.9364
region,Biobío–Ñuble,2024-11-01,14,15.019521,12.513541221618652,15.150355815887451,19.04014,27.810865
region,Biobío–Ñuble,2024-12-01,14,12.665861,10.052127838134766,12.763671159744263,18.276188,22.489975
region,Los Ríos,2020-07-01,1,0.0,0.0,0.0,30.071533,33.05744
region,Los Ríos,2020-08-01,1,0.0,0.0,0.0,29.155802,33.80644
region,Los Ríos,2020-11-01,1,0.0,0.0,0.0,17.845125,18.679098
region,Los Ríos,2020-12-01,1,0.0,0.0,0.0,18.153515,21.617155
region,Los Ríos,2021-02-01,1,0.0,0.0,0.0,13.104,19.676
region,Los Ríos,2021-03-01,1,0.0,0.0,0.0,24.377369,24.651236
region,Los Ríos,2021-04-01,1,0.0,0.0,0.0,15.221303,22.677631
region,Los Ríos,2021-05-01,1,0.0,0.0,0.0,23.348549,26.748825
region,Los Ríos,2021-06-01,1,0.0,0.0,0.0,27.864008,23.238415
region,Los Ríos,2021-07-01,1,0.0,0.0,0.0,26.469934,32.860756
region,Los Ríos,2021-08-01,1,0.0,0.0,0.0,29.485422,32.00779
region,Los Ríos,2021-09-01,1,0.0,0.0,0.0,27.002539,40.753704
region,Los Ríos,2022-01-01,1,0.0,0.0,0.0,10.963412,19.122702
region,Los Ríos,2022-02-01,1,0.0,0.0,0.0,23.3631,19.21793
region,Los Ríos,2022-03-01,1,0.0,0.0,0.0,15.476771,19.205208
region,Los Ríos,2022-04-01,1,0.0,0.0,0.0,16.210835,22.618254
region,Los Ríos,2022-05-01,1,0.0,0.0,0.0,16.982084,16.426348
region,Los Ríos,2022-06-01,1,0.0,0.0,0.0,21.733286,16.516928
region,Los Ríos,2022-07-01,1,0.0,0.0,0.0,21.242653,33.337574
region,Los Ríos,2022-08-01,1,0.0,0.0,0.0,23.02113,26.08823
region,Los Ríos,2022-10-01,1,0.0,0.0,0.0,16.727427,25.25573
region,Los Ríos,2022-11-01,1,0.0,0.0,0.0,12.241072,16.041637
region,Los Ríos,2023-02-01,1,0.0,0.0,0.0,8.811185,8.842465
region,Los Ríos,2023-03-01,1,0.0,0.0,0.0,15.612992,18.19771
region,Los Ríos,2023-10-01,1,0.0,0.0,0.0,23.527536,33.915627
region,Los Ríos,2023-11-01,1,0.0,0.0,0.0,21.037218,24.814138
region,Los Ríos,2023-12-01,1,0.0,0.0,0.0,13.950922,15.261866
region,Los Ríos,2024-02-01,1,0.0,0.0,0.0,19.201252,14.362444
region,Los Ríos,2024-06-01,1,0.0,0.0,0.0,29.052898,34.934822
region,Los Ríos,2024-07-01,1,0.0,0.0,0.0,25.931513,35.95301
region,Los Ríos,2024-10-01,1,0.0,0.0,0.0,28.347132,30.709711
region,Los Ríos,2024-11-01,1,0.0,0.0,0.0,18.6963,28.720236
region,Aysén,2019-01-01,1,9.48704,9.487039566040039,9.487039566040039,14.472093,15.416253
region,Aysén,2019-02-01,1,7.8802395,7.880239486694336,7.880239486694336,16.241554,14.304814
region,Aysén,2019-03-01,1,10.368919,10.368919372558594,10.368919372558594,17.05825,14.626278
region,Aysén,2019-04-01,1,11.525947,11.525946617126465,11.525946617126465,18.172068,20.791319
region,Aysén,2019-05-01,1,11.414865,11.414864540100098,11.414864540100098,19.210331,22.498947
region,Aysén,2019-06-01,1,10.890909,10.890909194946289,10.890909194946289,22.290644,21.11575
region,Aysén,2019-07-01,1,10.246947,10.246947288513184,10.246947288513184,24.843319,22.60408
region,Aysén,2019-08-01,1,11.841678,11.84167766571045,11.84167766571045,26.037807,27.556826
region,Aysén,2019-09-01,1,13.575459,13.575458526611328,13.575458526611328,24.93052,25.820133
region,Aysén,2019-10-01,1,16.50271,16.502710342407227,16.502710342407227,22.534746,24.94906
region,Aysén,2019-11-01,1,14.876923,14.876922607421875,14.876922607421875,17.2513,20.964998
region,Aysén,2019-12-01,1,12.150685,12.15068531036377,12.15068531036377,12.961815,17.255579
region,Aysén,2020-01-01,1,11.510149,11.510149002075195,11.510149002075195,12.423794,15.693247
region,Aysén,2020-02-01,1,11.061135,11.061135292053223,11.061135292053223,14.027401,15.269876
region,Aysén,2020-03-01,1,13.423136,13.423135757446289,13.423135757446289,14.8747015,16.620216
region,Aysén,2020-04-01,1,13.670058,13.670058250427246,13.670058250427246,19.223938,19.002108
region,Aysén,2020-05-01,1,17.066576,17.06657600402832,17.06657600402832,21.767193,20.962065
region,Aysén,2020-06-01,1,25.16315,25.163150787353516,25.163150787353516,23.73749,22.674316
region,Aysén,2020-07-01,1,4.548038,4.548038005828857,4.548038005828857,25.768501,23.751501
region,Aysén,2020-08-01,1,11.6662035,11.666203498840332,11.666203498840332,27.929264,29.121166
region,Aysén,2020-09-01,1,16.356104,16.356103897094727,16.356103897094727,26.330172,28.846521
region,Aysén,2020-10-01,1,16.884825,16.884824752807617,16.884824752807617,23.230318,25.684065
region,Aysén,2020-11-01,1,12.708934,12.70893383026123,12.70893383026123,19.729935,18.977972
region,Aysén,2020-12-01,1,10.964529,10.964529037475586,10.964529037475586,12.71669,15.9359665
region,Aysén,2021-01-01,1,9.207599,9.207598686218262,9.207598686218262,11.719144,14.614676
region,Aysén,2021-02-01,1,9.372323,9.372323036193848,9.372323036193848,14.423538,13.845841
region,Aysén,2021-03-01,1,9.210095,9.210095405578613,9.210095405578613,15.796171,16.34197
region,Aysén,2021-04-01,1,10.142858,10.142857551574707,10.142857551574707,17.714304,19.74633
region,Aysén,2021-05-01,1,7.8583107,7.858310699462891,7.858310699462891,22.219896,19.124561
region,Aysén,2021-06-01,1,9.904895,9.904894828796387,9.904894828796387,22.791912,20.004385
region,Aysén,2021-07-01,1,18.438095,18.438095092773438,18.438095092773438,25.356909,26.648653
region,Aysén,2021-08-01,1,15.393897,15.39389705657959,15.39389705657959,27.319023,27.505781
region,Aysén,2021-09-01,1,14.948571,14.94857120513916,14.94857120513916,24.585358,27.436728
region,Aysén,2021-10-01,1,13.230665,13.23066520690918,13.23066520690918,21.782553,27.651342
region,Aysén,2021-11-01,1,9.411765,9.411765098571777,9.411765098571777,15.998708,21.316046
region,Aysén,2021-12-01,1,7.411202,7.4112019538879395,7.4112019538879395,13.933293,16.098955
region,Aysén,2022-01-01,1,6.2420907,6.242090702056885,6.242090702056885,12.049554,14.374307
region,Aysén,2022-02-01,1,6.7556562,6.7556562423706055,6.7556562423706055,13.112535,13.919791
region,Aysén,2022-03-01,1,7.042313,7.042313098907471,7.042313098907471,14.227312,17.13673
region,Aysén,2022-04-01,1,5.3486648,5.3486647605896,5.3486647605896,16.896425,20.582682
region,Aysén,2022-05-01,1,7.13624,7.136240005493164,7.136240005493164,22.176592,20.78455
region,Aysén,2022-06-01,1,6.571027,6.571026802062988,6.571026802062988,24.843979,22.340239
region,Aysén,2022-07-01,1,8.599459,8.599458694458008,8.599458694458008,24.775974,24.793892
region,Aysén,2022-08-01,1,10.236807,10.236806869506836,10.236806869506836,26.136766,25.35938
region,Aysén,2022-09-01,1,12.629898,12.629898071289062,12.629898071289062,24.343693,26.493067
region,Aysén,2022-10-01,1,19.379591,19.37959098815918,19.37959098815918,21.832458,24.564472
region,Aysén,2022-11-01,1,12.928771,12.928771018981934,12.928771018981934,18.094366,17.141432
region,Aysén,2022-12-01,1,5.8538814,5.853881359100342,5.853881359100342,13.514481,16.260267
region,Aysén,2023-01-01,1,5.3022943,5.3022942543029785,5.3022942543029785,12.718439,14.460645
region,Aysén,2023-02-01,1,10.777444,10.777443885803223,10.777443885803223,12.089538,16.969053
region,Aysén,2023-03-01,1,11.377778,11.377778053283691,11.377778053283691,15.358489,19.600285
region,Aysén,2023-04-01,1,11.656863,11.65686321258545,11.65686321258545,18.960016,19.916462
region,Aysén,2023-05-01,1,14.158108,14.15810775756836,14.15810775756836,20.871723,22.093576
region,Aysén,2023-06-01,1,10.908836,10.908836364746094,10.908836364746094,23.270618,23.631393
region,Aysén,2023-07-01,1,9.514865,9.514864921569824,9.514864921569824,25.551512,25.306406
region,Aysén,2023-08-01,1,15.0,15.0,15.0,26.104853,31.84841
region,Aysén,2023-09-01,1,14.95904,14.959039688110352,14.959039688110352,25.741032,30.50099
region,Aysén,2023-10-01,1,21.22962,21.2296199798584,21.2296199798584,22.645985,29.357475
region,Aysén,2023-11-01,1,17.05028,17.05027961730957,17.05027961730957,16.918304,21.355835
region,Aysén,2023-12-01,1,13.92954,13.929539680480957,13.929539680480957,13.786149,14.886794
region,Aysén,2024-01-01,1,14.29308,14.29308032989502,14.29308032989502,11.349657,15.755116
region,Aysén,2024-02-01,1,15.331404,15.331403732299805,15.331403732299805,12.779462,16.090834
region,Aysén,2024-03-01,1,12.23842,12.238419532775879,12.238419532775879,13.736433,19.900234
region,Aysén,2024-04-01,1,9.977591,9.977590560913086,9.977590560913086,18.848597,21.222252
region,Aysén,2024-05-01,1,5.9634643,5.963464260101318,5.963464260101318,20.992844,17.894526
region,Aysén,2024-06-01,1,6.73324,6.733240127563477,6.733240127563477,23.865782,21.622404
region,Aysén,2024-07-01,1,9.649457,9.649456977844238,9.649456977844238,28.32638,28.04767
region,Aysén,2024-08-01,1,9.002703,9.002702713012695,9.002702713012695,26.905554,30.403513
region,Aysén,2024-09-01,1,12.32299,12.322990417480469,12.322990417480469,25.966597,41.405273
region,Aysén,2024-10-01,1,21.724932,21.724931716918945,21.724931716918945,22.886896,37.431664
region,Aysén,2024-11-01,1,19.517483,19.51748275756836,19.51748275756836,17.528685,29.640013
region,Aysén,2024-12-01,1,16.195387,16.19538688659668,16.19538688659668,14.350718,21.126097
