nivel,zona,mes,n_est,obs,obs_p25,obs_p75,gcf_no2,cams_no2
nacional,Chile,2019-01-01,33,7.403366,4.686424732208252,9.46469497680664,4.928456,5.1623325
nacional,Chile,2019-02-01,33,8.293778,4.213333606719971,10.165640830993652,6.0940228,5.5873613
nacional,Chile,2019-03-01,33,9.634395,5.4253363609313965,11.960587501525879,5.9683757,6.6344666
nacional,Chile,2019-04-01,35,13.934661,7.5024871826171875,14.569926738739014,7.592489,9.367056
nacional,Chile,2019-05-01,36,14.901989,8.258065938949585,16.94880962371826,8.135939,12.055861
nacional,Chile,2019-06-01,35,15.853746,7.951080083847046,17.47188901901245,8.719477,12.8303175
nacional,Chile,2019-07-01,37,16.23158,8.132282257080078,15.922697067260742,8.208957,16.461391
nacional,Chile,2019-08-01,37,14.77356,7.747864246368408,15.120431900024414,7.9128113,14.270871
nacional,Chile,2019-09-01,37,8.780496,5.221288681030273,9.42111873626709,7.029181,10.414264
nacional,Chile,2019-10-01,36,7.328172,4.200207471847534,8.225991010665894,5.6461287,7.1202993
nacional,Chile,2019-11-01,37,6.4596395,3.8461077213287354,8.091086387634277,5.1004853,6.2064533
nacional,Chile,2019-12-01,36,6.4163265,3.979790508747101,8.246952056884766,4.276709,4.5959773
nacional,Chile,2020-01-01,37,6.440697,4.102653503417969,6.787994861602783,4.7914863,4.5885286
nacional,Chile,2020-02-01,38,7.689601,4.7316813468933105,9.10347318649292,5.102784,5.065163
nacional,Chile,2020-03-01,38,7.8207164,4.6661001443862915,9.945163011550903,5.694518,6.1907315
nacional,Chile,2020-04-01,38,9.44175,5.585421681404114,11.159116268157959,7.1240487,8.256474
nacional,Chile,2020-05-01,37,12.116737,7.225027561187744,12.47804069519043,8.266588,11.699888
nacional,Chile,2020-06-01,38,11.514417,6.3493558168411255,12.463433265686035,8.185826,10.890448
nacional,Chile,2020-07-01,39,12.320735,6.686309099197388,13.392505645751953,8.108581,12.854529
nacional,Chile,2020-08-01,36,10.849473,5.233721613883972,14.090763092041016,7.3996005,13.422856
nacional,Chile,2020-09-01,36,9.34382,5.614992380142212,10.827023983001709,7.159404,11.396654
nacional,Chile,2020-10-01,36,8.078903,4.879558086395264,9.005628108978271,6.0507607,7.4720964
nacional,Chile,2020-11-01,36,6.4779925,3.7248486280441284,7.717397928237915,5.0014515,5.5481105
nacional,Chile,2020-12-01,40,6.444586,3.4409210085868835,7.035015344619751,4.4688334,4.2995815
nacional,Chile,2021-01-01,40,6.865385,3.8452519178390503,7.447367191314697,3.957857,4.1101117
nacional,Chile,2021-02-01,39,7.3573055,4.245101451873779,7.855509996414185,4.9152894,5.1953716
nacional,Chile,2021-03-01,39,8.002212,5.062403202056885,8.462507724761963,5.5028424,5.609483
nacional,Chile,2021-04-01,39,9.769005,6.213610887527466,10.311836242675781,6.6542926,7.5141435
nacional,Chile,2021-05-01,39,14.492787,7.707787990570068,15.00725269317627,7.628618,10.380481
nacional,Chile,2021-06-01,39,14.696063,8.775158405303955,14.291594982147217,7.876972,11.879706
nacional,Chile,2021-07-01,39,16.996553,7.5852320194244385,16.73073387145996,8.060393,14.977398
nacional,Chile,2021-08-01,39,13.85811,6.868325233459473,17.086073398590088,6.806763,11.403465
nacional,Chile,2021-09-01,38,10.804055,5.982025504112244,12.282594442367554,5.98895,8.982095
nacional,Chile,2021-10-01,38,9.132951,5.204580187797546,11.443840026855469,5.2598476,6.5248384
nacional,Chile,2021-11-01,38,7.2667236,3.613196909427643,9.73016357421875,4.4330564,4.552205
nacional,Chile,2021-12-01,37,6.8788896,3.977233409881592,8.712282180786133,4.3360004,4.383961
nacional,Chile,2022-01-01,39,5.887793,3.684571623802185,7.4237220287323,3.2133746,3.581137
nacional,Chile,2022-02-01,39,7.431853,4.907087564468384,9.90004825592041,4.4334936,4.1908317
nacional,Chile,2022-03-01,39,9.807745,6.109154939651489,12.454756736755371,5.1813064,5.7346344
nacional,Chile,2022-04-01,39,11.412981,6.8371453285217285,12.93302059173584,6.0826554,6.7351336
nacional,Chile,2022-05-01,39,15.319755,8.354691982269287,14.100837707519531,7.4627695,10.620709
nacional,Chile,2022-06-01,39,13.721196,6.464327812194824,14.20045804977417,7.574382,12.2693
nacional,Chile,2022-07-01,39,12.846191,6.841975212097168,13.274925231933594,7.047008,11.926822
nacional,Chile,2022-08-01,39,13.054002,6.980705738067627,15.469337940216064,6.9092703,12.170167
nacional,Chile,2022-09-01,39,10.375329,5.615865468978882,13.321218013763428,5.957588,9.126408
nacional,Chile,2022-10-01,39,7.4537997,4.240454912185669,9.384612083435059,5.020285,7.1012697
nacional,Chile,2022-11-01,39,6.489531,3.6136279106140137,7.888228416442871,4.71778,4.885921
nacional,Chile,2022-12-01,39,6.36769,3.7206627130508423,8.363717079162598,3.9753246,4.745445
nacional,Chile,2023-01-01,39,6.274216,3.9116629362106323,8.002000570297241,3.5920255,3.6961906
nacional,Chile,2023-02-01,39,8.227534,5.417044639587402,9.661956310272217,5.450568,8.093406
nacional,Chile,2023-03-01,39,8.705786,5.103667736053467,9.306285858154297,5.2706547,5.431625
nacional,Chile,2023-04-01,39,10.900753,5.9535298347473145,12.82505750656128,6.222258,7.08303
nacional,Chile,2023-05-01,39,13.310719,7.07509708404541,13.840038776397705,7.407563,9.845104
nacional,Chile,2023-06-01,39,12.954641,7.334825754165649,13.082839965820312,7.6248894,10.319822
nacional,Chile,2023-07-01,39,12.970687,6.5586137771606445,13.51054334640503,7.5302367,12.296228
nacional,Chile,2023-08-01,39,11.139272,5.544819593429565,12.761720657348633,6.7143245,9.796173
nacional,Chile,2023-09-01,39,9.189749,4.35476541519165,10.730340480804443,5.7937484,7.607234
nacional,Chile,2023-10-01,39,8.127003,5.012331008911133,9.267216205596924,5.520162,6.5201983
nacional,Chile,2023-11-01,35,7.4481835,4.154664516448975,9.344393253326416,4.602185,4.75806
nacional,Chile,2023-12-01,35,6.6586313,3.8840566873550415,8.083029508590698,4.27643,4.361937
nacional,Chile,2024-01-01,35,6.4260993,3.849102735519409,7.268054485321045,4.2510333,4.1573215
nacional,Chile,2024-02-01,35,7.0495872,4.391526460647583,8.471484184265137,5.04624,4.7221346
nacional,Chile,2024-03-01,35,9.387339,5.438519477844238,11.286687850952148,5.632642,6.0551
nacional,Chile,2024-04-01,35,11.4414835,6.784744501113892,13.462015151977539,6.6806693,6.965747
nacional,Chile,2024-05-01,39,13.641079,8.428841590881348,15.174452304840088,7.9810634,11.261891
nacional,Chile,2024-06-01,39,12.349498,6.163914203643799,12.79716444015503,7.3328247,10.165103
nacional,Chile,2024-07-01,39,16.293375,8.715561866760254,16.657215118408203,7.8162065,14.871899
nacional,Chile,2024-08-01,39,11.500338,6.455318212509155,12.398918628692627,6.6939397,10.691784
nacional,Chile,2024-09-01,39,9.72443,5.3332178592681885,10.798560619354248,6.3485117,8.894477
nacional,Chile,2024-10-01,39,8.342775,4.62475061416626,9.802003860473633,5.747838,7.4329605
nacional,Chile,2024-11-01,39,6.244528,3.4566937685012817,7.837116956710815,4.1112976,4.447508
nacional,Chile,2024-12-01,39,6.535786,3.7662590742111206,9.582125663757324,3.9092934,3.8576179
macrozona,Norte Grande,2019-01-01,2,8.22926,6.666794180870056,9.779049038887024,0.4814382,0.8335933
macrozona,Norte Grande,2019-02-01,2,7.1585646,5.438815176486969,8.590032279491425,1.0171266,1.2776656
macrozona,Norte Grande,2019-03-01,2,9.236732,7.838460445404053,10.608814716339111,0.8488869,1.466541
macrozona,Norte Grande,2019-04-01,2,12.765151,10.65040373802185,14.838862657546997,1.354976,1.7945566
macrozona,Norte Grande,2019-05-01,2,13.279763,11.691277503967285,14.85114574432373,1.6539465,2.1139452
macrozona,Norte Grande,2019-06-01,2,10.286302,9.438074111938477,11.136899948120117,1.8037522,2.1440117
macrozona,Norte Grande,2019-07-01,3,11.20512,11.001958847045898,11.719263553619385,1.3628317,1.9511933
macrozona,Norte Grande,2019-08-01,2,8.476815,6.735483646392822,10.060895442962646,2.0004025,2.3961055
macrozona,Norte Grande,2019-09-01,2,9.422335,7.470208168029785,9.141196250915527,1.1716574,1.9906327
macrozona,Norte Grande,2019-10-01,2,8.660439,8.532238245010376,9.738356351852417,0.73288697,1.5544329
macrozona,Norte Grande,2019-11-01,2,10.031237,8.531675219535828,11.561113953590393,0.5723284,1.1956362
macrozona,Norte Grande,2019-12-01,1,6.4033237,6.403323650360107,6.403323650360107,0.63954806,1.501637
macrozona,Norte Grande,2020-01-01,2,5.045832,5.137125015258789,5.35306453704834,0.53577644,1.0430741
macrozona,Norte Grande,2020-02-01,2,8.2311735,7.074331879615784,9.769091486930847,0.658923,1.3029913
macrozona,Norte Grande,2020-03-01,2,4.1044626,2.0838847160339355,4.638895511627197,0.7484306,1.366452
macrozona,Norte Grande,2020-04-01,2,7.541651,6.9071972370147705,8.27777647972107,1.2559097,1.8507493
macrozona,Norte Grande,2020-05-01,2,8.106126,7.93932843208313,8.443750143051147,1.7849302,2.4238439
macrozona,Norte Grande,2020-06-01,2,5.148419,3.857104480266571,6.131980001926422,1.5155021,2.0840025
macrozona,Norte Grande,2020-07-01,2,7.679774,1.9969536066055298,5.990860819816589,0.8164399,2.4338984
macrozona,Norte Grande,2020-08-01,2,11.968244,10.647691249847412,16.035545825958252,0.9899495,1.6516715
macrozona,Norte Grande,2020-09-01,2,9.842191,9.338112831115723,11.648987770080566,0.97699106,1.9560827
macrozona,Norte Grande,2020-10-01,2,10.5596075,9.197099447250366,12.306557893753052,0.7386871,1.4813138
macrozona,Norte Grande,2020-11-01,2,7.4148417,7.351487398147583,7.731612920761108,0.6767211,1.535141
macrozona,Norte Grande,2020-12-01,2,5.7268395,5.787969946861267,6.27978241443634,0.5010239,1.1746914
macrozona,Norte Grande,2021-01-01,2,4.5401964,4.123639285564423,4.668199598789215,0.3796752,0.8656187
macrozona,Norte Grande,2021-02-01,2,6.034723,4.78834080696106,6.075410604476929,0.6587185,1.2590587
macrozona,Norte Grande,2021-03-01,2,7.4839425,7.333142876625061,7.650346636772156,0.707666,1.1933947
macrozona,Norte Grande,2021-04-01,2,9.432376,8.826149463653564,10.03690481185913,0.98777825,1.3179828
macrozona,Norte Grande,2021-05-01,2,12.421132,11.526442289352417,13.217043161392212,2.3547153,2.637161
macrozona,Norte Grande,2021-06-01,2,11.795241,11.537022829055786,12.048455953598022,2.3628092,2.6795502
macrozona,Norte Grande,2021-07-01,2,13.551275,13.44435977935791,13.654961585998535,1.7685806,2.0706227
macrozona,Norte Grande,2021-08-01,2,9.452689,8.294708251953125,10.542644500732422,1.2607739,2.0329304
macrozona,Norte Grande,2021-09-01,2,6.7008452,4.526341140270233,8.887530863285065,1.0200248,1.38999
macrozona,Norte Grande,2021-10-01,2,13.803751,12.896138191223145,14.704018592834473,0.81443965,1.3569623
macrozona,Norte Grande,2021-11-01,2,10.280007,10.055414199829102,10.503973007202148,0.5596323,1.141731
macrozona,Norte Grande,2021-12-01,2,8.5530615,8.473613500595093,8.632725954055786,0.5066412,1.0324081
macrozona,Norte Grande,2022-01-01,2,5.62804,4.8364375829696655,6.373139500617981,0.517785,1.0778953
macrozona,Norte Grande,2022-02-01,2,9.8758955,8.89944314956665,10.829131603240967,0.6557265,1.1968796
macrozona,Norte Grande,2022-03-01,2,11.227419,10.130284070968628,13.06052041053772,0.8469391,1.8477422
macrozona,Norte Grande,2022-04-01,2,14.367156,15.98764443397522,23.942763090133667,1.0596355,1.7600856
macrozona,Norte Grande,2022-05-01,2,15.616132,14.406699419021606,16.815738439559937,2.051901,2.091121
macrozona,Norte Grande,2022-06-01,2,14.650733,14.19751763343811,15.034081220626831,1.7600777,1.9639083
macrozona,Norte Grande,2022-07-01,2,12.800871,12.29874324798584,13.279755592346191,1.2573854,1.6995561
macrozona,Norte Grande,2022-08-01,2,11.432851,10.01660418510437,12.880054712295532,1.5961725,1.842311
macrozona,Norte Grande,2022-09-01,2,9.983982,7.880005955696106,11.342378973960876,1.3914815,1.4088356
macrozona,Norte Grande,2022-10-01,2,8.020413,6.6030614376068115,9.472737550735474,0.9480904,1.4340324
macrozona,Norte Grande,2022-11-01,2,7.8203487,6.806410789489746,8.851399421691895,0.651382,1.2134846
macrozona,Norte Grande,2022-12-01,2,10.012498,9.464569330215454,10.587059736251831,0.47001925,1.1424153
macrozona,Norte Grande,2023-01-01,2,11.582106,9.4965341091156,13.956641435623169,0.41291577,1.2286677
macrozona,Norte Grande,2023-02-01,2,10.125772,7.896571040153503,12.49856150150299,0.56776166,1.574695
macrozona,Norte Grande,2023-03-01,2,10.862505,8.457643508911133,13.273941040039062,0.7728037,1.6757326
macrozona,Norte Grande,2023-04-01,2,15.466279,12.004487037658691,18.870455741882324,1.2290413,1.4998361
macrozona,Norte Grande,2023-05-01,2,10.646436,10.404886245727539,10.886680603027344,1.8187808,1.8795688
macrozona,Norte Grande,2023-06-01,2,10.352872,9.137488722801208,11.585362553596497,2.0005403,2.2953877
macrozona,Norte Grande,2023-07-01,2,7.962531,5.566829442977905,10.180066347122192,1.6478888,1.8772204
macrozona,Norte Grande,2023-08-01,2,10.324289,9.451356410980225,11.211531162261963,1.4420311,2.006035
macrozona,Norte Grande,2023-09-01,2,9.679621,8.507442116737366,10.34090793132782,1.0481377,1.5217346
macrozona,Norte Grande,2023-10-01,2,8.742,7.23048722743988,8.772847294807434,0.67196035,1.2868549
macrozona,Norte Grande,2023-11-01,2,8.881046,8.634514093399048,9.123486280441284,0.66272324,1.149615
macrozona,Norte Grande,2023-12-01,2,13.419939,10.63740861415863,16.1726313829422,0.5085938,1.0277854
macrozona,Norte Grande,2024-01-01,2,8.592492,7.219430327415466,9.939837574958801,0.4025791,0.9985072
macrozona,Norte Grande,2024-02-01,2,6.754902,6.5629565715789795,7.6349146366119385,0.6383035,1.0447221
macrozona,Norte Grande,2024-03-01,2,11.000244,8.975602507591248,13.069260716438293,0.9187054,1.5584763
macrozona,Norte Grande,2024-04-01,2,11.326195,9.886167287826538,12.722251176834106,0.96484554,1.3715346
macrozona,Norte Grande,2024-05-01,2,8.952696,8.81606674194336,9.101085662841797,1.6551515,1.6294698
macrozona,Norte Grande,2024-06-01,2,10.358418,9.525932312011719,11.193227767944336,2.0506606,1.8996136
macrozona,Norte Grande,2024-07-01,2,9.877384,8.912408590316772,10.879782915115356,1.9532207,1.7948005
macrozona,Norte Grande,2024-08-01,2,12.359059,11.88590669631958,12.83995771408081,1.8390943,1.5800844
macrozona,Norte Grande,2024-09-01,2,9.547512,8.67489242553711,10.427501678466797,1.5323473,1.4610959
macrozona,Norte Grande,2024-10-01,2,8.026379,6.660497307777405,8.817499041557312,1.2632381,1.4371998
macrozona,Norte Grande,2024-11-01,2,7.4027915,7.054379820823669,7.724476933479309,0.7629275,1.1182929
macrozona,Norte Grande,2024-12-01,2,10.62549,8.767966508865356,12.518516302108765,0.7029836,1.157974
macrozona,Norte Chico,2019-01-01,2,4.192699,3.1975308656692505,5.035063147544861,4.827455,1.3909193
macrozona,Norte Chico,2019-02-01,2,5.2408333,4.533028185367584,5.948638141155243,6.217428,1.6725637
macrozona,Norte Chico,2019-03-01,2,4.5769424,3.303840756416321,5.8500436544418335,6.7341967,2.2198608
macrozona,Norte Chico,2019-04-01,2,5.967546,4.2688416838645935,8.41981154680252,8.267534,2.2995024
macrozona,Norte Chico,2019-05-01,2,4.8271427,5.082843542098999,11.049197435379028,10.994206,3.2121637
macrozona,Norte Chico,2019-06-01,2,6.858993,4.366524189710617,9.351461559534073,11.486027,2.614665
macrozona,Norte Chico,2019-07-01,2,7.5237293,6.143827557563782,8.903632521629333,12.023329,2.9144034
macrozona,Norte Chico,2019-08-01,2,31.614408,18.08797574043274,45.47414183616638,11.783059,2.8520923
macrozona,Norte Chico,2019-09-01,2,4.3056197,2.857770800590515,5.882740616798401,10.181791,1.6531649
macrozona,Norte Chico,2019-10-01,2,2.2753956,1.8811506927013397,3.382521778345108,7.781876,0.73649603
macrozona,Norte Chico,2019-11-01,2,3.0710714,2.465537518262863,3.7631103098392487,5.956128,1.6457253
macrozona,Norte Chico,2019-12-01,2,4.213963,4.122651696205139,4.345563769340515,5.383372,1.8288057
macrozona,Norte Chico,2020-01-01,2,5.303943,4.379337012767792,5.985108911991119,4.837431,1.7097121
macrozona,Norte Chico,2020-02-01,2,3.668846,3.616685628890991,3.7151787281036377,5.6308765,1.8283432
macrozona,Norte Chico,2020-03-01,2,3.5619123,3.5426560640335083,3.5801905393600464,6.2900577,2.0402043
macrozona,Norte Chico,2020-04-01,2,3.5424752,3.4468518495559692,3.632837176322937,8.885046,2.8131914
macrozona,Norte Chico,2020-05-01,2,4.8737645,4.6855080127716064,5.058466672897339,11.450076,3.8680716
macrozona,Norte Chico,2020-06-01,2,8.792408,7.578992009162903,10.084108710289001,11.632285,2.6620533
macrozona,Norte Chico,2020-07-01,2,8.380709,7.437100648880005,9.374997854232788,12.437372,3.0693755
macrozona,Norte Chico,2020-08-01,2,9.236445,6.951580286026001,11.630038022994995,11.20475,2.4735632
macrozona,Norte Chico,2020-09-01,2,6.391739,5.407632231712341,7.4096843004226685,10.538043,2.0812738
macrozona,Norte Chico,2020-10-01,2,4.8691964,4.774721264839172,4.937927603721619,8.382009,1.7871388
macrozona,Norte Chico,2020-11-01,2,4.863106,4.689817786216736,5.03492271900177,5.574707,1.3562021
macrozona,Norte Chico,2020-12-01,2,6.500524,6.461008310317993,6.541241407394409,4.9111786,1.4759698
macrozona,Norte Chico,2021-01-01,2,5.7425923,5.06673264503479,6.452576398849487,4.368012,2.3816032
macrozona,Norte Chico,2021-02-01,2,6.0055156,5.364069581031799,6.652779459953308,5.509677,1.8036776
macrozona,Norte Chico,2021-03-01,2,5.129595,5.034227728843689,5.227348446846008,6.4946575,1.9620612
macrozona,Norte Chico,2021-04-01,2,6.089212,5.768343210220337,6.5004355907440186,8.61494,2.6490738
macrozona,Norte Chico,2021-05-01,2,6.5811667,6.056215047836304,7.196990251541138,10.661428,3.3409274
macrozona,Norte Chico,2021-06-01,2,6.1181283,5.672448396682739,6.56121039390564,11.679013,3.3341446
macrozona,Norte Chico,2021-07-01,2,6.9532604,6.260854363441467,7.635682940483093,11.821465,3.5334616
macrozona,Norte Chico,2021-08-01,2,5.350271,4.933473825454712,5.768199682235718,10.441673,2.3601327
macrozona,Norte Chico,2021-09-01,2,3.4447093,2.3638071417808533,4.522585690021515,10.213588,1.8379859
macrozona,Norte Chico,2021-10-01,2,2.6312907,2.1501845717430115,3.0953434109687805,7.9844956,1.78984
macrozona,Norte Chico,2021-11-01,2,4.0660753,3.4676654934883118,4.696861207485199,6.2774878,1.6271341
macrozona,Norte Chico,2021-12-01,2,3.181649,2.2554915249347687,3.4033194482326508,5.4247594,1.7941031
macrozona,Norte Chico,2022-01-01,2,3.8042521,3.1089091897010803,3.8312694430351257,4.2871394,1.5847353
macrozona,Norte Chico,2022-02-01,2,6.1060343,6.057913661003113,6.13992178440094,5.303247,1.5941161
macrozona,Norte Chico,2022-03-01,2,7.6371946,7.40942645072937,7.879730463027954,7.2991176,2.2953725
macrozona,Norte Chico,2022-04-01,2,7.4673986,7.26034939289093,7.674447417259216,9.065761,2.6414974
macrozona,Norte Chico,2022-05-01,2,8.0375185,7.861583709716797,8.170747756958008,11.288726,3.2235956
macrozona,Norte Chico,2022-06-01,2,6.504908,5.707534670829773,7.276838898658752,11.388701,2.8708355
macrozona,Norte Chico,2022-07-01,2,7.186792,6.2668217420578,8.060243248939514,11.522755,2.3217082
macrozona,Norte Chico,2022-08-01,2,8.014765,7.56717324256897,8.451491117477417,12.063996,2.458805
macrozona,Norte Chico,2022-09-01,2,8.474072,6.706042766571045,9.773687839508057,10.109136,1.7179819
macrozona,Norte Chico,2022-10-01,2,6.2389374,5.710008859634399,6.7398059368133545,8.288324,1.7983705
macrozona,Norte Chico,2022-11-01,2,6.151599,4.197716593742371,7.22424852848053,6.164877,1.9806131
macrozona,Norte Chico,2022-12-01,2,7.1293945,6.236079096794128,8.017913460731506,5.0009313,1.8469452
macrozona,Norte Chico,2023-01-01,2,7.0233746,6.296428680419922,7.5552520751953125,4.466597,1.6951112
macrozona,Norte Chico,2023-02-01,2,5.1658273,3.281793177127838,7.03866308927536,5.935005,2.4712179
macrozona,Norte Chico,2023-03-01,2,4.6666174,4.055778503417969,5.275815010070801,7.024821,2.1801925
macrozona,Norte Chico,2023-04-01,2,4.406443,2.7640303671360016,6.026060074567795,9.1008835,2.5830872
macrozona,Norte Chico,2023-05-01,2,5.683105,2.9130845181643963,8.453124526888132,10.7296295,3.2610824
macrozona,Norte Chico,2023-06-01,2,6.2052097,3.0853681564331055,9.256104469299316,11.722758,3.124144
macrozona,Norte Chico,2023-07-01,2,6.0951586,3.045525550842285,9.136576652526855,12.413271,3.1943054
macrozona,Norte Chico,2023-08-01,2,6.4520593,3.2108535766601562,9.632560729980469,11.051609,3.115721
macrozona,Norte Chico,2023-09-01,2,6.3959246,3.1935207843780518,9.580562353134155,9.8052025,1.9112742
macrozona,Norte Chico,2023-10-01,2,5.7493596,2.8746798038482666,8.6240394115448,8.549672,1.6662545
macrozona,Norte Chico,2023-11-01,2,4.6376414,2.3302035331726074,6.990610599517822,6.340396,1.5128934
macrozona,Norte Chico,2023-12-01,2,3.8049257,1.9101964235305786,5.730589270591736,5.2200675,1.5294552
macrozona,Norte Chico,2024-01-01,2,3.3605275,2.258871763944626,4.4771813452243805,4.5867424,1.6744356
macrozona,Norte Chico,2024-02-01,2,4.7990413,3.802853524684906,5.792339622974396,5.4394684,1.9370738
macrozona,Norte Chico,2024-03-01,2,4.8871837,3.8996130228042603,5.877431750297546,6.849509,2.265698
macrozona,Norte Chico,2024-04-01,2,4.606462,3.981486201286316,5.279584527015686,9.262105,2.0268674
macrozona,Norte Chico,2024-05-01,2,5.827743,5.158120393753052,6.53514552116394,11.37871,2.393543
macrozona,Norte Chico,2024-06-01,2,5.820112,5.109965085983276,6.530258417129517,12.286041,3.343372
macrozona,Norte Chico,2024-07-01,2,5.771972,4.504134654998779,6.676660060882568,12.940388,3.1795418
macrozona,Norte Chico,2024-08-01,2,5.301268,4.394600808620453,6.352566063404083,11.2672205,2.0471017
macrozona,Norte Chico,2024-09-01,2,4.4829707,3.8215936422348022,5.75243866443634,11.223219,1.9508287
macrozona,Norte Chico,2024-10-01,2,4.3881245,3.74002343416214,6.257515847682953,8.433695,1.6888112
macrozona,Norte Chico,2024-11-01,2,5.2337136,4.615923523902893,8.534014582633972,5.924083,1.4589944
macrozona,Norte Chico,2024-12-01,2,9.177362,6.590602517127991,15.504196047782898,4.8030005,1.3599198
macrozona,Centro,2019-01-01,19,9.020906,5.147191047668457,11.57421350479126,6.951117,7.6660833
macrozona,Centro,2019-02-01,19,10.355577,5.353626489639282,14.187340259552002,8.489946,7.939729
macrozona,Centro,2019-03-01,18,12.116188,5.452701687812805,18.120445728302002,8.415688,9.903119
macrozona,Centro,2019-04-01,19,18.479372,7.764654874801636,26.637907028198242,10.520824,13.592041
macrozona,Centro,2019-05-01,19,19.634737,9.248869895935059,33.39692306518555,11.357916,17.2306
macrozona,Centro,2019-06-01,19,22.146137,9.437239646911621,31.43881320953369,12.23443,19.92547
macrozona,Centro,2019-07-01,19,23.014484,9.933084487915039,35.87142753601074,11.896131,27.16762
macrozona,Centro,2019-08-01,20,17.875969,10.331645011901855,25.80415916442871,11.352432,23.173975
macrozona,Centro,2019-09-01,20,10.842293,6.462476134300232,14.738273859024048,10.038452,16.56426
macrozona,Centro,2019-10-01,19,8.930896,6.108595609664917,11.716168880462646,8.337115,10.654763
macrozona,Centro,2019-11-01,19,8.0359335,5.006847143173218,9.770442962646484,7.5464735,9.899878
macrozona,Centro,2019-12-01,19,8.802945,5.238827466964722,13.231736660003662,6.337093,7.4694805
macrozona,Centro,2020-01-01,19,8.265991,4.944520473480225,12.436966896057129,7.101047,6.9217205
macrozona,Centro,2020-02-01,19,9.879915,6.840288162231445,13.817313194274902,7.847864,8.11028
macrozona,Centro,2020-03-01,19,10.731265,6.205391883850098,15.0322847366333,8.52332,9.609176
macrozona,Centro,2020-04-01,19,12.668111,7.658801078796387,18.346657752990723,10.686531,12.815982
macrozona,Centro,2020-05-01,19,17.107351,9.980193138122559,26.157204627990723,12.035598,18.16259
macrozona,Centro,2020-06-01,19,16.276838,9.28337812423706,24.44356346130371,12.339372,17.978775
macrozona,Centro,2020-07-01,19,17.24083,10.301240921020508,26.235960960388184,12.200952,20.941427
macrozona,Centro,2020-08-01,19,14.168835,7.253143548965454,22.54581642150879,11.091322,22.46986
macrozona,Centro,2020-09-01,19,12.090077,6.87873911857605,18.65309715270996,10.543772,18.69307
macrozona,Centro,2020-10-01,19,10.039927,6.019360065460205,14.977015018463135,8.959247,12.051995
macrozona,Centro,2020-11-01,19,8.214426,5.19224739074707,12.218058586120605,7.474275,8.718232
macrozona,Centro,2020-12-01,19,7.946271,4.984550714492798,11.398290634155273,6.780807,6.726078
macrozona,Centro,2021-01-01,19,7.353301,5.00502872467041,8.936183452606201,6.2681713,6.679659
macrozona,Centro,2021-02-01,19,9.706799,6.160605192184448,11.488236904144287,7.5615606,8.190217
macrozona,Centro,2021-03-01,19,10.219017,5.97152853012085,13.123981952667236,8.431372,8.687889
macrozona,Centro,2021-04-01,19,13.14694,7.274908542633057,19.295340538024902,10.291706,12.372106
macrozona,Centro,2021-05-01,19,20.89253,9.345940589904785,32.80557441711426,11.613598,17.181955
macrozona,Centro,2021-06-01,19,20.555113,10.051245212554932,31.548897743225098,11.92708,20.081009
macrozona,Centro,2021-07-01,19,24.983383,11.741933822631836,38.157440185546875,12.567958,26.541843
macrozona,Centro,2021-08-01,19,18.73511,9.3544602394104,31.21496295928955,10.930795,20.613106
macrozona,Centro,2021-09-01,18,13.836882,7.811358571052551,20.281736373901367,9.561423,16.324823
macrozona,Centro,2021-10-01,18,10.908713,6.171298027038574,15.265315294265747,8.403697,11.5706215
macrozona,Centro,2021-11-01,18,9.595601,6.228995203971863,12.294079542160034,7.0683627,7.6119313
macrozona,Centro,2021-12-01,18,8.447098,4.83965790271759,12.326244831085205,6.599339,6.753943
macrozona,Centro,2022-01-01,18,7.805524,4.551498532295227,10.391895771026611,4.966796,5.7015004
macrozona,Centro,2022-02-01,18,9.296444,6.180628180503845,12.386613607406616,7.050664,6.679766
macrozona,Centro,2022-03-01,18,13.165885,7.829017281532288,19.194499969482422,8.432743,9.385195
macrozona,Centro,2022-04-01,18,15.76447,8.8807954788208,23.64333724975586,9.64749,11.4067955
macrozona,Centro,2022-05-01,18,21.946964,11.694638967514038,35.623329162597656,11.597183,18.26514
macrozona,Centro,2022-06-01,18,19.84381,9.825128555297852,31.427823066711426,11.61266,22.009739
macrozona,Centro,2022-07-01,18,18.114527,10.003409624099731,27.46559762954712,11.519542,22.437307
macrozona,Centro,2022-08-01,18,18.094954,9.437716245651245,28.201452255249023,11.161029,22.88721
macrozona,Centro,2022-09-01,18,13.593462,6.462171316146851,20.723284244537354,9.414316,16.51792
macrozona,Centro,2022-10-01,18,10.006075,5.596219539642334,15.114449739456177,8.044466,12.890701
macrozona,Centro,2022-11-01,18,8.760243,4.925468444824219,13.798455715179443,7.8311677,8.376775
macrozona,Centro,2022-12-01,18,7.7741475,4.532374024391174,11.483561038970947,6.58899,8.347467
macrozona,Centro,2023-01-01,18,7.6977825,5.358695030212402,10.801543712615967,5.8607187,5.972566
macrozona,Centro,2023-02-01,18,10.033173,6.6111979484558105,13.935703754425049,8.266207,8.002554
macrozona,Centro,2023-03-01,18,11.079977,6.142057418823242,16.814361810684204,8.405091,8.980066
macrozona,Centro,2023-04-01,18,14.594229,7.373383641242981,23.63019561767578,9.892071,11.906571
macrozona,Centro,2023-05-01,18,19.321798,9.945279836654663,31.085898399353027,11.758377,17.106941
macrozona,Centro,2023-06-01,18,18.75045,10.431859254837036,29.847975254058838,12.118045,18.101528
macrozona,Centro,2023-07-01,18,18.805607,9.657471895217896,31.246243476867676,12.130231,22.224216
macrozona,Centro,2023-08-01,18,15.208467,7.703560948371887,25.201016426086426,10.932123,17.567663
macrozona,Centro,2023-09-01,18,12.619566,7.1958136558532715,20.79052448272705,9.59711,13.863536
macrozona,Centro,2023-10-01,18,10.401265,5.717697024345398,16.936686515808105,8.54689,11.129145
macrozona,Centro,2023-11-01,18,9.6975355,5.62184739112854,14.045968294143677,6.9542265,7.7955914
macrozona,Centro,2023-12-01,18,8.205021,4.928238034248352,11.28202486038208,6.545077,7.112147
macrozona,Centro,2024-01-01,18,7.9697614,4.553832173347473,12.226562738418579,6.49316,6.631318
macrozona,Centro,2024-02-01,18,8.918601,4.754544615745544,12.99342155456543,7.474236,7.342036
macrozona,Centro,2024-03-01,18,11.996565,6.46190071105957,17.450918674468994,8.346947,9.685561
macrozona,Centro,2024-04-01,18,15.618838,9.33348560333252,22.40695571899414,9.870323,10.909876
macrozona,Centro,2024-05-01,18,18.490917,11.280627965927124,27.594079971313477,11.340061,18.053593
macrozona,Centro,2024-06-01,18,17.765476,9.193841218948364,29.134188652038574,11.955396,18.782942
macrozona,Centro,2024-07-01,18,22.4216,11.450072050094604,35.839935302734375,12.107973,26.729994
macrozona,Centro,2024-08-01,18,14.640727,7.02899956703186,25.567723751068115,10.495966,19.210154
macrozona,Centro,2024-09-01,18,13.263351,6.505993008613586,22.103333950042725,10.47282,16.441803
macrozona,Centro,2024-10-01,18,10.767584,4.9045610427856445,17.875165462493896,9.155275,13.047295
macrozona,Centro,2024-11-01,18,7.7257867,4.116550445556641,12.015897989273071,6.8548684,7.7712197
macrozona,Centro,2024-12-01,18,7.7340193,3.968645989894867,12.08804440498352,6.4120955,6.633466
macrozona,Sur,2019-01-01,10,4.841705,3.005088150501251,5.6849929094314575,2.0703356,2.0961716
macrozona,Sur,2019-02-01,10,5.206727,3.533869683742523,6.7251588106155396,2.4805744,2.745171
macrozona,Sur,2019-03-01,11,6.60077,5.749424934387207,7.992831230163574,2.7694669,3.1093585
macrozona,Sur,2019-04-01,12,7.755759,6.249414563179016,9.151605129241943,3.6483355,4.771851
macrozona,Sur,2019-05-01,13,7.870604,6.9900946617126465,10.801000595092773,3.909285,5.7614803
macrozona,Sur,2019-06-01,12,7.485895,4.14704692363739,9.372293472290039,3.2892282,4.237084
macrozona,Sur,2019-07-01,13,7.778329,5.164083957672119,9.631935119628906,2.65193,4.0088606
macrozona,Sur,2019-08-01,13,8.106287,6.399789333343506,10.051148414611816,2.8230715,4.1249795
macrozona,Sur,2019-09-01,13,6.1740055,5.148666858673096,6.954748630523682,2.3129795,2.9046605
macrozona,Sur,2019-10-01,13,4.87107,3.673959493637085,6.310140132904053,2.2048323,2.6396828
macrozona,Sur,2019-11-01,14,3.7381663,2.7103379368782043,5.049094796180725,1.9393743,1.7132136
macrozona,Sur,2019-12-01,14,3.555558,3.104757606983185,4.37354040145874,1.6493832,1.3971263
macrozona,Sur,2020-01-01,14,4.0530386,3.4015771746635437,5.212310314178467,1.7527478,1.8847328
macrozona,Sur,2020-02-01,15,5.2243433,4.416881561279297,6.015850782394409,1.9142861,1.9160311
macrozona,Sur,2020-03-01,15,4.847963,3.862513780593872,5.8872597217559814,2.2758048,2.6287584
macrozona,Sur,2020-04-01,15,6.0750103,4.860402822494507,7.803231477737427,2.731113,3.6047347
macrozona,Sur,2020-05-01,14,6.612801,5.204180598258972,8.012579202651978,3.2588217,4.860337
macrozona,Sur,2020-06-01,15,5.940236,4.579701900482178,8.26546859741211,2.5956357,3.1321304
macrozona,Sur,2020-07-01,16,6.5206866,4.813753247261047,8.768427610397339,2.4582887,3.9949336
macrozona,Sur,2020-08-01,13,6.1112065,4.784483909606934,7.089327335357666,2.2121825,3.333409
macrozona,Sur,2020-09-01,13,5.6841216,4.193907260894775,7.46515417098999,2.387933,3.212238
macrozona,Sur,2020-10-01,13,5.2782626,3.6617655754089355,6.3802571296691895,2.1942685,2.3767397
macrozona,Sur,2020-11-01,13,4.069385,2.8632352352142334,4.351426124572754,1.7934012,2.0121694
macrozona,Sur,2020-12-01,17,4.4051223,2.9660675525665283,4.991044521331787,1.5341322,1.6159984
macrozona,Sur,2021-01-01,17,6.6539025,2.6713449954986572,4.59900426864624,1.4975382,1.5807221
macrozona,Sur,2021-02-01,16,4.7904763,3.1473894715309143,6.3603355884552,1.9601029,2.3032162
macrozona,Sur,2021-03-01,16,5.705268,4.182691037654877,7.009162783622742,2.3698096,2.8373394
macrozona,Sur,2021-04-01,16,6.1825185,5.231004118919373,7.136669397354126,2.7568033,3.0326312
macrozona,Sur,2021-05-01,16,7.937437,6.831133246421814,9.922613382339478,3.0325966,3.8928947
macrozona,Sur,2021-06-01,16,8.667791,6.045663356781006,10.858394384384155,2.921348,3.6906562
macrozona,Sur,2021-07-01,16,8.910455,6.500055432319641,11.293033599853516,2.9039927,3.8928666
macrozona,Sur,2021-08-01,16,9.910042,5.9158241748809814,10.283789157867432,2.314797,3.1837175
macrozona,Sur,2021-09-01,16,8.8250265,5.724525570869446,8.276087045669556,2.040876,2.5400283
macrozona,Sur,2021-10-01,16,7.2879233,5.05072546005249,7.097895622253418,1.8403796,1.9386051
macrozona,Sur,2021-11-01,16,4.441748,2.951354444026947,4.7064327001571655,1.6247544,1.6833558
macrozona,Sur,2021-12-01,15,4.903018,3.258386969566345,5.560004472732544,1.6864759,1.9539667
macrozona,Sur,2022-01-01,17,3.7624536,2.948763608932495,4.350825786590576,1.3214501,1.503923
macrozona,Sur,2022-02-01,17,5.283653,4.330743312835693,6.65372896194458,1.9835471,2.1722357
macrozona,Sur,2022-03-01,17,6.3075438,4.793037414550781,8.3992919921875,1.889235,2.6330087
macrozona,Sur,2022-04-01,17,6.907982,5.212068557739258,8.487792015075684,2.1625772,2.4697864
macrozona,Sur,2022-05-01,17,8.946036,7.627771854400635,11.580738067626953,3.208843,4.220101
macrozona,Sur,2022-06-01,17,7.814603,4.689447402954102,11.409478187561035,3.437151,3.9913504
macrozona,Sur,2022-07-01,17,7.7961297,4.493526935577393,10.418432235717773,2.3153682,2.8563788
macrozona,Sur,2022-08-01,17,8.455699,5.858453273773193,9.78200626373291,2.3457253,3.146448
macrozona,Sur,2022-09-01,17,7.13463,4.954736709594727,8.444375038146973,2.2257884,2.787295
macrozona,Sur,2022-10-01,17,4.678509,2.8927431106567383,5.891394138336182,1.7399172,1.9872828
macrozona,Sur,2022-11-01,17,3.8986661,2.7973885536193848,5.024115085601807,1.6801063,1.8561592
macrozona,Sur,2022-12-01,17,4.337178,2.94534969329834,5.161869049072266,1.4625453,1.6652076
macrozona,Sur,2023-01-01,17,4.036228,2.6533091068267822,4.879433631896973,1.413432,1.7515179
macrozona,Sur,2023-02-01,17,6.369082,4.628401279449463,7.332923412322998,2.8315997,9.675116
macrozona,Sur,2023-03-01,17,6.381384,4.381253719329834,8.119850158691406,2.220123,2.453941
macrozona,Sur,2023-04-01,17,7.156945,4.920135021209717,7.785200119018555,2.5257065,3.111967
macrozona,Sur,2023-05-01,17,7.868865,5.855230331420898,9.80705451965332,2.8120627,3.532744
macrozona,Sur,2023-06-01,17,7.651813,5.311432361602783,9.61954402923584,2.803747,3.5301514
macrozona,Sur,2023-07-01,17,8.042889,5.626720905303955,8.624082565307617,2.61375,3.8207967
macrozona,Sur,2023-08-01,17,7.3689356,5.1977362632751465,8.806708335876465,2.2247088,3.0746799
macrozona,Sur,2023-09-01,17,5.841096,4.091804027557373,7.815203666687012,1.7609377,2.2814744
macrozona,Sur,2023-10-01,17,5.641829,4.916125774383545,7.2245588302612305,1.8897063,2.082466
macrozona,Sur,2023-11-01,13,4.619955,3.9947972297668457,5.482485771179199,1.7642498,1.7193625
macrozona,Sur,2023-12-01,13,3.9442558,3.204728126525879,4.233668327331543,1.6508816,1.6127332
macrozona,Sur,2024-01-01,13,4.461984,3.7044520378112793,5.526175498962402,1.744472,1.6671891
macrozona,Sur,2024-02-01,13,4.8504057,3.98974871635437,5.166941165924072,2.137216,1.9641911
macrozona,Sur,2024-03-01,13,6.2111344,4.637117862701416,7.345245838165283,2.407032,2.3200362
macrozona,Sur,2024-04-01,13,6.7211123,4.938704490661621,8.410869598388672,2.740827,3.1527262
macrozona,Sur,2024-05-01,17,8.523168,6.1720147132873535,10.846485137939453,3.4973135,4.255962
macrozona,Sur,2024-06-01,17,7.4299393,4.413859844207764,8.174680709838867,2.266065,2.5298927
macrozona,Sur,2024-07-01,17,11.206446,8.627992630004883,12.64853286743164,2.9254456,4.0697803
macrozona,Sur,2024-08-01,17,8.616857,5.881897449493408,9.66073226928711,2.4326463,3.3336265
macrozona,Sur,2024-09-01,17,6.4971285,3.9218688011169434,7.6939263343811035,2.007628,2.416296
macrozona,Sur,2024-10-01,17,6.0603685,4.239360332489014,6.7961649894714355,2.2153351,2.408241
macrozona,Sur,2024-11-01,17,4.6542225,3.2106809616088867,5.271402835845947,1.5227474,1.6528244
macrozona,Sur,2024-12-01,17,4.449654,3.729771137237549,4.924785137176514,1.4673085,1.3992584
region,Antofagasta,2019-01-01,2,8.22926,6.666794180870056,9.779049038887024,0.4814382,0.8335933
region,Antofagasta,2019-02-01,2,7.1585646,5.438815176486969,8.590032279491425,1.0171266,1.2776656
region,Antofagasta,2019-03-01,2,9.236732,7.838460445404053,10.608814716339111,0.8488869,1.466541
region,Antofagasta,2019-04-01,2,12.765151,10.65040373802185,14.838862657546997,1.354976,1.7945566
region,Antofagasta,2019-05-01,2,13.279763,11.691277503967285,14.85114574432373,1.6539465,2.1139452
region,Antofagasta,2019-06-01,2,10.286302,9.438074111938477,11.136899948120117,1.8037522,2.1440117
region,Antofagasta,2019-07-01,3,11.20512,11.001958847045898,11.719263553619385,1.3628317,1.9511933
region,Antofagasta,2019-08-01,2,8.476815,6.735483646392822,10.060895442962646,2.0004025,2.3961055
region,Antofagasta,2019-09-01,2,9.422335,7.470208168029785,9.141196250915527,1.1716574,1.9906327
region,Antofagasta,2019-10-01,2,8.660439,8.532238245010376,9.738356351852417,0.73288697,1.5544329
region,Antofagasta,2019-11-01,2,10.031237,8.531675219535828,11.561113953590393,0.5723284,1.1956362
region,Antofagasta,2019-12-01,1,6.4033237,6.403323650360107,6.403323650360107,0.63954806,1.501637
region,Antofagasta,2020-01-01,2,5.045832,5.137125015258789,5.35306453704834,0.53577644,1.0430741
region,Antofagasta,2020-02-01,2,8.2311735,7.074331879615784,9.769091486930847,0.658923,1.3029913
region,Antofagasta,2020-03-01,2,4.1044626,2.0838847160339355,4.638895511627197,0.7484306,1.366452
region,Antofagasta,2020-04-01,2,7.541651,6.9071972370147705,8.27777647972107,1.2559097,1.8507493
region,Antofagasta,2020-05-01,2,8.106126,7.93932843208313,8.443750143051147,1.7849302,2.4238439
region,Antofagasta,2020-06-01,2,5.148419,3.857104480266571,6.131980001926422,1.5155021,2.0840025
region,Antofagasta,2020-07-01,2,7.679774,1.9969536066055298,5.990860819816589,0.8164399,2.4338984
region,Antofagasta,2020-08-01,2,11.968244,10.647691249847412,16.035545825958252,0.9899495,1.6516715
region,Antofagasta,2020-09-01,2,9.842191,9.338112831115723,11.648987770080566,0.97699106,1.9560827
region,Antofagasta,2020-10-01,2,10.5596075,9.197099447250366,12.306557893753052,0.7386871,1.4813138
region,Antofagasta,2020-11-01,2,7.4148417,7.351487398147583,7.731612920761108,0.6767211,1.535141
region,Antofagasta,2020-12-01,2,5.7268395,5.787969946861267,6.27978241443634,0.5010239,1.1746914
region,Antofagasta,2021-01-01,2,4.5401964,4.123639285564423,4.668199598789215,0.3796752,0.8656187
region,Antofagasta,2021-02-01,2,6.034723,4.78834080696106,6.075410604476929,0.6587185,1.2590587
region,Antofagasta,2021-03-01,2,7.4839425,7.333142876625061,7.650346636772156,0.707666,1.1933947
region,Antofagasta,2021-04-01,2,9.432376,8.826149463653564,10.03690481185913,0.98777825,1.3179828
region,Antofagasta,2021-05-01,2,12.421132,11.526442289352417,13.217043161392212,2.3547153,2.637161
region,Antofagasta,2021-06-01,2,11.795241,11.537022829055786,12.048455953598022,2.3628092,2.6795502
region,Antofagasta,2021-07-01,2,13.551275,13.44435977935791,13.654961585998535,1.7685806,2.0706227
region,Antofagasta,2021-08-01,2,9.452689,8.294708251953125,10.542644500732422,1.2607739,2.0329304
region,Antofagasta,2021-09-01,2,6.7008452,4.526341140270233,8.887530863285065,1.0200248,1.38999
region,Antofagasta,2021-10-01,2,13.803751,12.896138191223145,14.704018592834473,0.81443965,1.3569623
region,Antofagasta,2021-11-01,2,10.280007,10.055414199829102,10.503973007202148,0.5596323,1.141731
region,Antofagasta,2021-12-01,2,8.5530615,8.473613500595093,8.632725954055786,0.5066412,1.0324081
region,Antofagasta,2022-01-01,2,5.62804,4.8364375829696655,6.373139500617981,0.517785,1.0778953
region,Antofagasta,2022-02-01,2,9.8758955,8.89944314956665,10.829131603240967,0.6557265,1.1968796
region,Antofagasta,2022-03-01,2,11.227419,10.130284070968628,13.06052041053772,0.8469391,1.8477422
region,Antofagasta,2022-04-01,2,14.367156,15.98764443397522,23.942763090133667,1.0596355,1.7600856
region,Antofagasta,2022-05-01,2,15.616132,14.406699419021606,16.815738439559937,2.051901,2.091121
region,Antofagasta,2022-06-01,2,14.650733,14.19751763343811,15.034081220626831,1.7600777,1.9639083
region,Antofagasta,2022-07-01,2,12.800871,12.29874324798584,13.279755592346191,1.2573854,1.6995561
region,Antofagasta,2022-08-01,2,11.432851,10.01660418510437,12.880054712295532,1.5961725,1.842311
region,Antofagasta,2022-09-01,2,9.983982,7.880005955696106,11.342378973960876,1.3914815,1.4088356
region,Antofagasta,2022-10-01,2,8.020413,6.6030614376068115,9.472737550735474,0.9480904,1.4340324
region,Antofagasta,2022-11-01,2,7.8203487,6.806410789489746,8.851399421691895,0.651382,1.2134846
region,Antofagasta,2022-12-01,2,10.012498,9.464569330215454,10.587059736251831,0.47001925,1.1424153
region,Antofagasta,2023-01-01,2,11.582106,9.4965341091156,13.956641435623169,0.41291577,1.2286677
region,Antofagasta,2023-02-01,2,10.125772,7.896571040153503,12.49856150150299,0.56776166,1.574695
region,Antofagasta,2023-03-01,2,10.862505,8.457643508911133,13.273941040039062,0.7728037,1.6757326
region,Antofagasta,2023-04-01,2,15.466279,12.004487037658691,18.870455741882324,1.2290413,1.4998361
region,Antofagasta,2023-05-01,2,10.646436,10.404886245727539,10.886680603027344,1.8187808,1.8795688
region,Antofagasta,2023-06-01,2,10.352872,9.137488722801208,11.585362553596497,2.0005403,2.2953877
region,Antofagasta,2023-07-01,2,7.962531,5.566829442977905,10.180066347122192,1.6478888,1.8772204
region,Antofagasta,2023-08-01,2,10.324289,9.451356410980225,11.211531162261963,1.4420311,2.006035
region,Antofagasta,2023-09-01,2,9.679621,8.507442116737366,10.34090793132782,1.0481377,1.5217346
region,Antofagasta,2023-10-01,2,8.742,7.23048722743988,8.772847294807434,0.67196035,1.2868549
region,Antofagasta,2023-11-01,2,8.881046,8.634514093399048,9.123486280441284,0.66272324,1.149615
region,Antofagasta,2023-12-01,2,13.419939,10.63740861415863,16.1726313829422,0.5085938,1.0277854
region,Antofagasta,2024-01-01,2,8.592492,7.219430327415466,9.939837574958801,0.4025791,0.9985072
region,Antofagasta,2024-02-01,2,6.754902,6.5629565715789795,7.6349146366119385,0.6383035,1.0447221
region,Antofagasta,2024-03-01,2,11.000244,8.975602507591248,13.069260716438293,0.9187054,1.5584763
region,Antofagasta,2024-04-01,2,11.326195,9.886167287826538,12.722251176834106,0.96484554,1.3715346
region,Antofagasta,2024-05-01,2,8.952696,8.81606674194336,9.101085662841797,1.6551515,1.6294698
region,Antofagasta,2024-06-01,2,10.358418,9.525932312011719,11.193227767944336,2.0506606,1.8996136
region,Antofagasta,2024-07-01,2,9.877384,8.912408590316772,10.879782915115356,1.9532207,1.7948005
region,Antofagasta,2024-08-01,2,12.359059,11.88590669631958,12.83995771408081,1.8390943,1.5800844
region,Antofagasta,2024-09-01,2,9.547512,8.67489242553711,10.427501678466797,1.5323473,1.4610959
region,Antofagasta,2024-10-01,2,8.026379,6.660497307777405,8.817499041557312,1.2632381,1.4371998
region,Antofagasta,2024-11-01,2,7.4027915,7.054379820823669,7.724476933479309,0.7629275,1.1182929
region,Antofagasta,2024-12-01,2,10.62549,8.767966508865356,12.518516302108765,0.7029836,1.157974
region,Atacama,2019-01-01,2,4.192699,3.1975308656692505,5.035063147544861,4.827455,1.3909193
region,Atacama,2019-02-01,2,5.2408333,4.533028185367584,5.948638141155243,6.217428,1.6725637
region,Atacama,2019-03-01,2,4.5769424,3.303840756416321,5.8500436544418335,6.7341967,2.2198608
region,Atacama,2019-04-01,2,5.967546,4.2688416838645935,8.41981154680252,8.267534,2.2995024
region,Atacama,2019-05-01,2,4.8271427,5.082843542098999,11.049197435379028,10.994206,3.2121637
region,Atacama,2019-06-01,2,6.858993,4.366524189710617,9.351461559534073,11.486027,2.614665
region,Atacama,2019-07-01,2,7.5237293,6.143827557563782,8.903632521629333,12.023329,2.9144034
region,Atacama,2019-08-01,2,31.614408,18.08797574043274,45.47414183616638,11.783059,2.8520923
region,Atacama,2019-09-01,2,4.3056197,2.857770800590515,5.882740616798401,10.181791,1.6531649
region,Atacama,2019-10-01,2,2.2753956,1.8811506927013397,3.382521778345108,7.781876,0.73649603
region,Atacama,2019-11-01,2,3.0710714,2.465537518262863,3.7631103098392487,5.956128,1.6457253
region,Atacama,2019-12-01,2,4.213963,4.122651696205139,4.345563769340515,5.383372,1.8288057
region,Atacama,2020-01-01,2,5.303943,4.379337012767792,5.985108911991119,4.837431,1.7097121
region,Atacama,2020-02-01,2,3.668846,3.616685628890991,3.7151787281036377,5.6308765,1.8283432
region,Atacama,2020-03-01,2,3.5619123,3.5426560640335083,3.5801905393600464,6.2900577,2.0402043
region,Atacama,2020-04-01,2,3.5424752,3.4468518495559692,3.632837176322937,8.885046,2.8131914
region,Atacama,2020-05-01,2,4.8737645,4.6855080127716064,5.058466672897339,11.450076,3.8680716
region,Atacama,2020-06-01,2,8.792408,7.578992009162903,10.084108710289001,11.632285,2.6620533
region,Atacama,2020-07-01,2,8.380709,7.437100648880005,9.374997854232788,12.437372,3.0693755
region,Atacama,2020-08-01,2,9.236445,6.951580286026001,11.630038022994995,11.20475,2.4735632
region,Atacama,2020-09-01,2,6.391739,5.407632231712341,7.4096843004226685,10.538043,2.0812738
region,Atacama,2020-10-01,2,4.8691964,4.774721264839172,4.937927603721619,8.382009,1.7871388
region,Atacama,2020-11-01,2,4.863106,4.689817786216736,5.03492271900177,5.574707,1.3562021
region,Atacama,2020-12-01,2,6.500524,6.461008310317993,6.541241407394409,4.9111786,1.4759698
region,Atacama,2021-01-01,2,5.7425923,5.06673264503479,6.452576398849487,4.368012,2.3816032
region,Atacama,2021-02-01,2,6.0055156,5.364069581031799,6.652779459953308,5.509677,1.8036776
region,Atacama,2021-03-01,2,5.129595,5.034227728843689,5.227348446846008,6.4946575,1.9620612
region,Atacama,2021-04-01,2,6.089212,5.768343210220337,6.5004355907440186,8.61494,2.6490738
region,Atacama,2021-05-01,2,6.5811667,6.056215047836304,7.196990251541138,10.661428,3.3409274
region,Atacama,2021-06-01,2,6.1181283,5.672448396682739,6.56121039390564,11.679013,3.3341446
region,Atacama,2021-07-01,2,6.9532604,6.260854363441467,7.635682940483093,11.821465,3.5334616
region,Atacama,2021-08-01,2,5.350271,4.933473825454712,5.768199682235718,10.441673,2.3601327
region,Atacama,2021-09-01,2,3.4447093,2.3638071417808533,4.522585690021515,10.213588,1.8379859
region,Atacama,2021-10-01,2,2.6312907,2.1501845717430115,3.0953434109687805,7.9844956,1.78984
region,Atacama,2021-11-01,2,4.0660753,3.4676654934883118,4.696861207485199,6.2774878,1.6271341
region,Atacama,2021-12-01,2,3.181649,2.2554915249347687,3.4033194482326508,5.4247594,1.7941031
region,Atacama,2022-01-01,2,3.8042521,3.1089091897010803,3.8312694430351257,4.2871394,1.5847353
region,Atacama,2022-02-01,2,6.1060343,6.057913661003113,6.13992178440094,5.303247,1.5941161
region,Atacama,2022-03-01,2,7.6371946,7.40942645072937,7.879730463027954,7.2991176,2.2953725
region,Atacama,2022-04-01,2,7.4673986,7.26034939289093,7.674447417259216,9.065761,2.6414974
region,Atacama,2022-05-01,2,8.0375185,7.861583709716797,8.170747756958008,11.288726,3.2235956
region,Atacama,2022-06-01,2,6.504908,5.707534670829773,7.276838898658752,11.388701,2.8708355
region,Atacama,2022-07-01,2,7.186792,6.2668217420578,8.060243248939514,11.522755,2.3217082
region,Atacama,2022-08-01,2,8.014765,7.56717324256897,8.451491117477417,12.063996,2.458805
region,Atacama,2022-09-01,2,8.474072,6.706042766571045,9.773687839508057,10.109136,1.7179819
region,Atacama,2022-10-01,2,6.2389374,5.710008859634399,6.7398059368133545,8.288324,1.7983705
region,Atacama,2022-11-01,2,6.151599,4.197716593742371,7.22424852848053,6.164877,1.9806131
region,Atacama,2022-12-01,2,7.1293945,6.236079096794128,8.017913460731506,5.0009313,1.8469452
region,Atacama,2023-01-01,2,7.0233746,6.296428680419922,7.5552520751953125,4.466597,1.6951112
region,Atacama,2023-02-01,2,5.1658273,3.281793177127838,7.03866308927536,5.935005,2.4712179
region,Atacama,2023-03-01,2,4.6666174,4.055778503417969,5.275815010070801,7.024821,2.1801925
region,Atacama,2023-04-01,2,4.406443,2.7640303671360016,6.026060074567795,9.1008835,2.5830872
region,Atacama,2023-05-01,2,5.683105,2.9130845181643963,8.453124526888132,10.7296295,3.2610824
region,Atacama,2023-06-01,2,6.2052097,3.0853681564331055,9.256104469299316,11.722758,3.124144
region,Atacama,2023-07-01,2,6.0951586,3.045525550842285,9.136576652526855,12.413271,3.1943054
region,Atacama,2023-08-01,2,6.4520593,3.2108535766601562,9.632560729980469,11.051609,3.115721
region,Atacama,2023-09-01,2,6.3959246,3.1935207843780518,9.580562353134155,9.8052025,1.9112742
region,Atacama,2023-10-01,2,5.7493596,2.8746798038482666,8.6240394115448,8.549672,1.6662545
region,Atacama,2023-11-01,2,4.6376414,2.3302035331726074,6.990610599517822,6.340396,1.5128934
region,Atacama,2023-12-01,2,3.8049257,1.9101964235305786,5.730589270591736,5.2200675,1.5294552
region,Atacama,2024-01-01,2,3.3605275,2.258871763944626,4.4771813452243805,4.5867424,1.6744356
region,Atacama,2024-02-01,2,4.7990413,3.802853524684906,5.792339622974396,5.4394684,1.9370738
region,Atacama,2024-03-01,2,4.8871837,3.8996130228042603,5.877431750297546,6.849509,2.265698
region,Atacama,2024-04-01,2,4.606462,3.981486201286316,5.279584527015686,9.262105,2.0268674
region,Atacama,2024-05-01,2,5.827743,5.158120393753052,6.53514552116394,11.37871,2.393543
region,Atacama,2024-06-01,2,5.820112,5.109965085983276,6.530258417129517,12.286041,3.343372
region,Atacama,2024-07-01,2,5.771972,4.504134654998779,6.676660060882568,12.940388,3.1795418
region,Atacama,2024-08-01,2,5.301268,4.394600808620453,6.352566063404083,11.2672205,2.0471017
region,Atacama,2024-09-01,2,4.4829707,3.8215936422348022,5.75243866443634,11.223219,1.9508287
region,Atacama,2024-10-01,2,4.3881245,3.74002343416214,6.257515847682953,8.433695,1.6888112
region,Atacama,2024-11-01,2,5.2337136,4.615923523902893,8.534014582633972,5.924083,1.4589944
region,Atacama,2024-12-01,2,9.177362,6.590602517127991,15.504196047782898,4.8030005,1.3599198
region,Valparaíso,2019-01-01,9,5.7496777,4.686424732208252,7.172796726226807,5.5209374,7.5756435
region,Valparaíso,2019-02-01,9,6.076482,4.685628890991211,7.5642876625061035,7.220726,7.794117
region,Valparaíso,2019-03-01,9,5.9336677,5.218994617462158,6.488489151000977,7.068259,10.197406
region,Valparaíso,2019-04-01,9,7.7059937,7.2195916175842285,8.750506401062012,8.545896,14.089918
region,Valparaíso,2019-05-01,9,8.937048,7.401354789733887,9.524823188781738,10.091375,17.844896
region,Valparaíso,2019-06-01,9,9.627289,8.676137924194336,10.109444618225098,11.3202915,21.202227
region,Valparaíso,2019-07-01,9,10.1879635,8.662774085998535,10.562828063964844,11.602267,29.980227
region,Valparaíso,2019-08-01,10,9.811991,8.069774746894836,12.230318784713745,10.526943,25.23315
region,Valparaíso,2019-09-01,10,6.916899,5.228657841682434,8.20776915550232,9.119888,16.37529
region,Valparaíso,2019-10-01,10,6.2381077,4.735271096229553,7.308375716209412,7.329607,10.51389
region,Valparaíso,2019-11-01,10,5.983468,4.3925254344940186,7.133006811141968,6.259016,10.841979
region,Valparaíso,2019-12-01,10,6.4334927,5.159607410430908,7.686964511871338,4.9059067,8.0196705
region,Valparaíso,2020-01-01,10,5.348218,4.455819487571716,6.535737991333008,5.5492496,6.945967
region,Valparaíso,2020-02-01,10,6.88465,6.333445191383362,8.252982139587402,5.912268,7.9265957
region,Valparaíso,2020-03-01,10,6.7898793,5.2615262269973755,7.9621360301971436,6.328583,9.304085
region,Valparaíso,2020-04-01,10,7.642244,6.146057605743408,8.886751651763916,8.831467,13.214188
region,Valparaíso,2020-05-01,10,10.23897,8.788881540298462,11.781153440475464,10.41871,20.526571
region,Valparaíso,2020-06-01,10,9.141221,8.1742844581604,10.596039056777954,10.814706,18.812336
region,Valparaíso,2020-07-01,10,9.686937,7.484724044799805,10.761887788772583,11.074064,22.585678
region,Valparaíso,2020-08-01,10,8.570504,6.3606226444244385,9.93033480644226,9.433536,23.162819
region,Valparaíso,2020-09-01,10,7.8142443,6.350837230682373,8.41686725616455,9.137992,19.103327
region,Valparaíso,2020-10-01,10,6.8672047,5.463166236877441,8.412699460983276,7.1777987,11.723044
region,Valparaíso,2020-11-01,10,5.8163066,4.780926942825317,7.259210228919983,5.6732993,8.394473
region,Valparaíso,2020-12-01,10,5.6117306,4.6617032289505005,6.358072996139526,5.0178213,6.875025
region,Valparaíso,2021-01-01,10,5.592161,4.8742711544036865,6.404318571090698,4.771515,7.006208
region,Valparaíso,2021-02-01,10,6.97476,6.049093842506409,7.516268253326416,5.5075126,8.1354065
region,Valparaíso,2021-03-01,10,6.6387224,5.381178379058838,8.111188650131226,6.4207516,8.629443
region,Valparaíso,2021-04-01,10,8.369731,6.829123616218567,9.734628915786743,7.8499856,12.553207
region,Valparaíso,2021-05-01,10,10.730184,8.062944889068604,13.467484712600708,9.836694,18.299934
region,Valparaíso,2021-06-01,10,11.197401,9.330562114715576,12.905859470367432,10.165589,22.396454
region,Valparaíso,2021-07-01,10,12.5751,10.351699590682983,15.37584137916565,10.822363,29.330772
region,Valparaíso,2021-08-01,10,10.698798,8.399854183197021,13.559176921844482,9.546516,21.80326
region,Valparaíso,2021-09-01,10,8.552118,6.164905428886414,10.310582876205444,8.297474,16.348612
region,Valparaíso,2021-10-01,10,7.0655556,5.709595322608948,8.428722262382507,7.022918,11.040816
region,Valparaíso,2021-11-01,10,6.6261897,5.28751540184021,7.9399940967559814,5.4400296,7.4322953
region,Valparaíso,2021-12-01,10,5.7121615,4.439227819442749,6.67449152469635,5.0871334,6.562508
region,Valparaíso,2022-01-01,10,6.3378935,4.355456709861755,7.431353688240051,3.5007126,5.435759
region,Valparaíso,2022-02-01,10,7.219996,4.894946336746216,7.608242154121399,5.4069457,6.64538
region,Valparaíso,2022-03-01,10,9.150264,6.908519625663757,10.731264114379883,6.6013803,9.774205
region,Valparaíso,2022-04-01,10,10.00526,7.36650812625885,11.60177731513977,7.6375003,12.206517
region,Valparaíso,2022-05-01,10,12.6785145,10.496287822723389,13.896182537078857,9.928594,20.318964
region,Valparaíso,2022-06-01,10,10.781992,7.266029715538025,13.368793725967407,10.383552,22.994556
region,Valparaíso,2022-07-01,10,10.717548,7.994145154953003,11.795870304107666,10.068352,23.658258
region,Valparaíso,2022-08-01,10,10.770509,7.943995356559753,13.359315872192383,9.995837,23.99187
region,Valparaíso,2022-09-01,10,8.390134,5.79328465461731,8.122053027153015,8.223233,16.306715
region,Valparaíso,2022-10-01,10,6.430855,4.714763045310974,7.740503311157227,6.645657,12.760564
region,Valparaíso,2022-11-01,10,5.6415024,4.266318082809448,5.700751066207886,6.419256,8.433042
region,Valparaíso,2022-12-01,10,4.9945254,4.230310678482056,6.083632826805115,5.066131,9.669147
region,Valparaíso,2023-01-01,10,5.7731476,5.177720308303833,6.317533731460571,4.299214,5.806773
region,Valparaíso,2023-02-01,10,6.343424,5.339954972267151,7.259518623352051,6.5829334,7.9822807
region,Valparaíso,2023-03-01,10,6.4342318,5.31571638584137,7.940162658691406,6.6055565,8.945531
region,Valparaíso,2023-04-01,10,7.751369,6.210217118263245,9.536557912826538,7.978703,12.41924
region,Valparaíso,2023-05-01,10,10.484327,8.143991470336914,13.265018463134766,10.23099,18.752428
region,Valparaíso,2023-06-01,10,11.304575,9.665688514709473,13.198431730270386,10.849127,20.57904
region,Valparaíso,2023-07-01,10,10.313093,9.189051389694214,12.384690046310425,10.95232,24.975643
region,Valparaíso,2023-08-01,10,7.9161086,6.1875340938568115,9.868393182754517,10.226885,19.09518
region,Valparaíso,2023-09-01,10,7.011277,4.393907427787781,8.763495922088623,8.453011,14.705666
region,Valparaíso,2023-10-01,10,5.679376,3.79676353931427,7.237331867218018,7.0441713,10.924393
region,Valparaíso,2023-11-01,10,5.672987,4.253294825553894,6.6972784996032715,5.4095926,7.7785993
region,Valparaíso,2023-12-01,10,5.501187,4.230095982551575,6.120301127433777,5.083631,7.298121
region,Valparaíso,2024-01-01,10,4.761388,3.4988399147987366,5.342516303062439,4.829196,6.660234
region,Valparaíso,2024-02-01,10,5.4954967,3.8084901571273804,6.163980484008789,5.6584306,7.3801813
region,Valparaíso,2024-03-01,10,6.9896464,5.4091960191726685,7.80870509147644,6.4061766,9.829425
region,Valparaíso,2024-04-01,10,9.588772,7.894421219825745,10.73645281791687,8.05667,11.789515
region,Valparaíso,2024-05-01,10,11.102239,9.965806245803833,12.254310369491577,9.969376,19.23425
region,Valparaíso,2024-06-01,10,9.289095,7.10866391658783,11.287452220916748,10.893465,20.186264
region,Valparaíso,2024-07-01,10,11.306508,9.320808410644531,13.838155746459961,10.917351,29.46518
region,Valparaíso,2024-08-01,10,7.0360403,5.341442704200745,7.866880655288696,9.641075,19.472002
region,Valparaíso,2024-09-01,10,6.507405,4.928648948669434,7.354847431182861,9.209428,16.860617
region,Valparaíso,2024-10-01,10,5.4365864,4.205223083496094,6.283180475234985,8.017074,12.662625
region,Valparaíso,2024-11-01,10,4.610994,3.177405893802643,5.658275842666626,5.3978186,7.596926
region,Valparaíso,2024-12-01,10,4.692483,2.9221829771995544,4.548969745635986,4.7037115,6.714128
region,Metropolitana,2019-01-01,9,12.822087,10.245589256286621,16.281543731689453,9.049435,8.347052
region,Metropolitana,2019-02-01,9,14.756282,13.20020866394043,19.51441192626953,10.502934,8.638801
region,Metropolitana,2019-03-01,8,19.641453,16.33268690109253,23.34758424758911,10.961839,10.408731
region,Metropolitana,2019-04-01,9,30.567532,24.92401123046875,44.825870513916016,13.52873,14.030306
region,Metropolitana,2019-05-01,9,32.19849,25.841678619384766,37.62252426147461,13.758152,17.726429
region,Metropolitana,2019-06-01,9,35.551846,29.61918067932129,41.1083869934082,14.208238,20.235926
region,Metropolitana,2019-07-01,9,39.351814,28.106613159179688,46.763389587402344,13.504499,26.59274
region,Metropolitana,2019-08-01,9,26.949783,23.15899085998535,33.88255310058594,13.234489,22.873774
region,Metropolitana,2019-09-01,9,15.902212,13.552410125732422,20.009403228759766,12.047884,18.07901
region,Metropolitana,2019-10-01,8,12.871711,10.818988800048828,16.65641164779663,10.60367,11.811518
region,Metropolitana,2019-11-01,8,11.160306,8.221662044525146,13.965546131134033,10.004216,9.642412
region,Metropolitana,2019-12-01,8,13.166652,10.772452116012573,16.31901216506958,9.315173,7.4646616
region,Metropolitana,2020-01-01,8,12.560927,11.137924909591675,15.065487146377563,9.8199625,7.418396
region,Metropolitana,2020-02-01,8,14.20851,11.838214635848999,17.255038261413574,11.006242,8.979916
region,Metropolitana,2020-03-01,8,16.179659,13.872143983840942,17.628318309783936,12.106766,10.754955
region,Metropolitana,2020-04-01,8,19.2653,15.864557266235352,21.883536338806152,13.989122,13.194239
region,Metropolitana,2020-05-01,8,26.475155,23.079805374145508,29.51630687713623,15.228538,16.530514
region,Metropolitana,2020-06-01,8,25.512506,21.031850814819336,29.49938154220581,15.437951,18.46906
region,Metropolitana,2020-07-01,8,27.49275,22.72458505630493,32.12635564804077,14.844292,20.752012
region,Metropolitana,2020-08-01,8,21.955872,20.37372636795044,27.244136333465576,14.327552,23.79192
region,Metropolitana,2020-09-01,8,18.182219,16.57679581642151,21.988816261291504,13.357964,19.790688
region,Metropolitana,2020-10-01,8,14.790494,13.11237621307373,18.240533351898193,12.100106,13.601461
region,Metropolitana,2020-11-01,8,11.995366,10.896350264549255,13.993187427520752,10.553792,9.927172
region,Metropolitana,2020-12-01,8,11.674592,9.617814540863037,13.957332372665405,9.804974,7.1285706
region,Metropolitana,2021-01-01,8,10.2498665,8.769307613372803,12.610412120819092,8.82667,6.7901616
region,Metropolitana,2021-02-01,8,13.734554,10.871458530426025,15.555240631103516,10.815674,8.891311
region,Metropolitana,2021-03-01,8,15.39374,12.68346619606018,18.375321865081787,11.724765,9.419277
region,Metropolitana,2021-04-01,8,19.852442,18.211599349975586,23.468373775482178,14.291741,13.157668
region,Metropolitana,2021-05-01,8,34.76346,32.32177257537842,36.90585231781006,14.940394,17.08874
region,Metropolitana,2021-06-01,8,33.50996,31.0462007522583,34.63399028778076,15.238315,18.86237
region,Metropolitana,2021-07-01,8,41.551823,37.524956703186035,43.81900119781494,15.931209,25.5908
region,Metropolitana,2021-08-01,8,31.569654,30.752314567565918,33.17423439025879,14.132778,21.06022
region,Metropolitana,2021-09-01,7,22.100288,20.11461639404297,23.71244716644287,12.450826,18.015776
region,Metropolitana,2021-10-01,7,17.11241,15.067928791046143,18.503666877746582,11.360541,13.600811
region,Metropolitana,2021-11-01,7,14.555201,12.084965229034424,15.985062599182129,10.158466,8.65555
region,Metropolitana,2021-12-01,7,12.997339,11.774890899658203,14.296913623809814,9.558679,7.6820993
region,Metropolitana,2022-01-01,7,10.48777,9.995574474334717,11.196210861206055,7.592501,6.654327
region,Metropolitana,2022-02-01,7,12.727836,12.328988552093506,13.410818099975586,10.123868,7.238555
region,Metropolitana,2022-03-01,7,19.918377,18.961687088012695,21.12627124786377,12.034409,9.759542
region,Metropolitana,2022-04-01,7,24.531214,23.63921546936035,25.237958908081055,13.534011,11.336055
region,Metropolitana,2022-05-01,7,36.468002,34.925376892089844,39.10708236694336,15.208797,16.923393
region,Metropolitana,2022-06-01,7,33.600037,31.055076599121094,32.866647720336914,14.616182,22.71714
region,Metropolitana,2022-07-01,7,29.397266,27.240429878234863,30.153188705444336,14.874674,23.218071
region,Metropolitana,2022-08-01,7,29.50485,27.86236572265625,31.378518104553223,14.17711,24.0537
region,Metropolitana,2022-09-01,7,21.77998,19.5820951461792,23.706637382507324,12.215345,18.591831
region,Metropolitana,2022-10-01,7,15.730655,14.890103816986084,16.62502670288086,10.997151,14.473712
region,Metropolitana,2022-11-01,7,13.545854,12.519041061401367,14.786472797393799,10.775485,9.118593
region,Metropolitana,2022-12-01,7,12.187759,10.815738677978516,13.66576862335205,9.567702,7.3110056
region,Metropolitana,2023-01-01,7,11.215654,10.022698402404785,12.330650329589844,8.775314,6.6783075
region,Metropolitana,2023-02-01,7,15.757635,13.459965705871582,17.934531211853027,11.504557,8.031841
region,Metropolitana,2023-03-01,7,17.781303,15.94460153579712,19.48475933074951,11.893754,9.88048
region,Metropolitana,2023-04-01,7,24.63023,23.292598724365234,25.894658088684082,13.790999,12.324588
region,Metropolitana,2023-05-01,7,32.553265,30.945711135864258,34.124685287475586,15.237365,16.355074
region,Metropolitana,2023-06-01,7,31.083393,29.765978813171387,32.15285015106201,15.316902,16.214687
region,Metropolitana,2023-07-01,7,31.708893,31.164569854736328,32.32040023803711,15.121459,20.463524
region,Metropolitana,2023-08-01,7,25.793184,25.041667938232422,26.32694911956787,13.228946,17.208067
region,Metropolitana,2023-09-01,7,21.201385,20.421159744262695,22.63997173309326,12.400596,14.144737
region,Metropolitana,2023-10-01,7,17.603569,16.469879150390625,18.970355987548828,11.72783,12.599582
region,Metropolitana,2023-11-01,7,15.253728,13.952430248260498,16.810670852661133,10.181226,8.709554
region,Metropolitana,2023-12-01,7,12.408681,11.089030265808105,13.684823036193848,9.602277,7.6137075
region,Metropolitana,2024-01-01,7,12.61996,12.146673679351807,14.169742584228516,9.62278,7.1691346
region,Metropolitana,2024-02-01,7,13.803002,12.543763160705566,15.36884355545044,10.869491,7.9503193
region,Metropolitana,2024-03-01,7,18.813427,17.135170936584473,20.698150634765625,11.861746,10.468714
region,Metropolitana,2024-04-01,7,24.018682,22.288528442382812,25.487773895263672,13.422449,10.782435
region,Metropolitana,2024-05-01,7,29.008917,27.537307739257812,29.778522491455078,14.468338,17.77152
region,Metropolitana,2024-06-01,7,29.837805,28.86797523498535,31.421632766723633,14.798878,18.92674
region,Metropolitana,2024-07-01,7,38.772923,35.645755767822266,40.485525131225586,15.218759,25.706272
region,Metropolitana,2024-08-01,7,26.438095,25.497509956359863,27.47082233428955,13.237975,21.127932
region,Metropolitana,2024-09-01,7,22.976425,21.75297260284424,24.180974006652832,13.519382,17.683357
region,Metropolitana,2024-10-01,7,18.582914,17.584460258483887,19.430124282836914,11.912196,15.0182
region,Metropolitana,2024-11-01,7,12.999431,11.94169569015503,13.335888385772705,10.166136,9.057893
region,Metropolitana,2024-12-01,7,12.166522,10.875147819519043,13.05368947982788,9.529753,7.156679
region,Maule,2019-01-01,1,5.080028,5.080028057098389,5.080028057098389,1.2871759,2.3570957
region,Maule,2019-02-01,1,9.018679,9.018678665161133,9.018678665161133,1.8463387,3.0451965
region,Maule,2019-03-01,1,11.9605875,11.960587501525879,11.960587501525879,1.8250595,3.659671
region,Maule,2019-04-01,1,10.788737,10.788737297058105,10.788737297058105,2.287813,5.3585362
region,Maule,2019-05-01,1,11.345603,11.345602989196777,11.345602989196777,2.8168316,7.6248417
region,Maule,2019-06-01,1,11.376844,11.37684440612793,11.37684440612793,2.4394407,5.8330503
region,Maule,2019-07-01,1,11.700846,11.700845718383789,11.700845718383789,2.0320523,6.2402544
region,Maule,2019-08-01,1,11.272651,11.272650718688965,11.272650718688965,2.0201843,6.54452
region,Maule,2019-09-01,1,7.3733125,7.373312473297119,7.373312473297119,1.5954243,4.6444597
region,Maule,2019-10-01,1,6.896594,6.896594047546387,6.896594047546387,1.5663731,3.3362424
region,Maule,2019-11-01,1,4.507369,4.507369041442871,4.507369041442871,1.2984881,1.9849578
region,Maule,2019-12-01,1,4.168,4.168000221252441,4.168000221252441,1.3225062,2.0207624
region,Maule,2020-01-01,1,3.9067528,3.906752824783325,3.906752824783325,1.3976591,2.8123078
region,Maule,2020-02-01,1,4.686113,4.686112880706787,4.686112880706787,1.6508045,3.0394943
region,Maule,2020-03-01,1,6.528222,6.52822208404541,6.52822208404541,1.7932838,3.5003996
region,Maule,2020-04-01,1,9.1455555,9.14555549621582,9.14555549621582,2.1149225,5.5436096
region,Maule,2020-05-01,1,10.662908,10.662907600402832,10.662907600402832,2.5917172,7.602276
region,Maule,2020-06-01,1,12.656569,12.65656852722168,12.65656852722168,2.55796,5.839538
region,Maule,2020-07-01,1,10.274074,10.274073600769043,10.274073600769043,2.208983,6.0458794
region,Maule,2020-08-01,1,7.2372804,7.237280368804932,7.237280368804932,1.6037123,5.0589223
region,Maule,2020-09-01,1,5.779896,5.779895782470703,5.779895782470703,1.5692108,4.99148
region,Maule,2020-10-01,1,3.4396598,3.439659833908081,3.439659833908081,1.4204266,2.8116324
region,Maule,2020-11-01,1,2.396104,2.396104097366333,2.396104097366333,1.2099987,2.4194357
region,Maule,2020-12-01,1,2.72144,2.721440076828003,2.721440076828003,1.2349457,2.1479266
region,Maule,2021-01-01,1,2.5118105,2.511810541152954,2.511810541152954,1.3810545,2.4150274
region,Maule,2021-02-01,1,4.1653438,4.165343761444092,4.165343761444092,1.504113,2.8860662
region,Maule,2021-03-01,1,4.2618666,4.261866569519043,4.261866569519043,1.9510636,3.3553996
region,Maule,2021-04-01,1,6.8569736,6.856973648071289,6.856973648071289,2.298191,3.9352074
region,Maule,2021-05-01,1,11.365853,11.365853309631348,11.365853309631348,2.3871121,6.2129955
region,Maule,2021-06-01,1,9.798795,9.798794746398926,9.798794746398926,2.5658863,6.0382175
region,Maule,2021-07-01,1,12.089932,12.089932441711426,12.089932441711426,2.3364658,6.8309007
region,Maule,2021-08-01,1,6.865854,6.865853786468506,6.865853786468506,1.7445028,5.453938
region,Maule,2021-09-01,1,7.6058736,7.6058735847473145,7.6058735847473145,1.5031697,3.9215994
region,Maule,2021-10-01,1,5.377932,5.377932071685791,5.377932071685791,1.3069752,2.5610037
region,Maule,2021-11-01,1,3.9755478,3.9755477905273438,3.9755477905273438,1.3733186,2.0261247
region,Maule,2021-12-01,1,4.6751575,4.67515754699707,4.67515754699707,1.475566,2.3126411
region,Maule,2022-01-01,1,3.6285675,3.6285674571990967,3.6285674571990967,1.169513,1.6814519
region,Maule,2022-02-01,1,6.004493,6.004493236541748,6.004493236541748,1.6817071,2.7392607
region,Maule,2022-03-01,1,6.3913956,6.391395568847656,6.391395568847656,1.7462969,2.9563134
region,Maule,2022-04-01,1,11.162868,11.162867546081543,11.162867546081543,1.9748194,3.6333852
region,Maule,2022-05-01,1,11.57625,11.576250076293945,11.576250076293945,2.6913903,7.324073
region,Maule,2022-06-01,1,12.65074,12.650739669799805,12.650739669799805,2.6366951,7.3039207
region,Maule,2022-07-01,1,11.234593,11.234593391418457,11.234593391418457,2.1707954,5.0532904
region,Maule,2022-08-01,1,9.302982,9.302982330322266,9.302982330322266,1.7413691,4.9293737
region,Maule,2022-09-01,1,8.007465,8.007465362548828,8.007465362548828,1.7468534,4.2890544
region,Maule,2022-10-01,1,5.415,5.414999961853027,5.414999961853027,1.2305185,3.0488465
region,Maule,2022-11-01,1,6.5594687,6.559468746185303,6.559468746185303,1.4523458,2.685403
region,Maule,2022-12-01,1,5.189211,5.189210891723633,5.189210891723633,1.3519987,2.3379705
region,Maule,2023-01-01,1,2.7450542,2.745054244995117,2.745054244995117,1.4254814,2.7685838
region,Maule,2023-02-01,1,6.765952,6.765952110290527,6.765952110290527,2.3897235,7.9997473
region,Maule,2023-03-01,1,9.971836,9.97183609008789,9.97183609008789,1.6903533,2.9840791
region,Maule,2023-04-01,1,13.917076,13.917076110839844,13.917076110839844,2.1648898,3.886867
region,Maule,2023-05-01,1,13.746559,13.746559143066406,13.746559143066406,2.4446926,6.1557665
region,Maule,2023-06-01,1,6.391131,6.3911309242248535,6.3911309242248535,2.3137581,6.659337
region,Maule,2023-07-01,1,12.729712,12.729711532592773,12.729711532592773,2.3486485,6.191047
region,Maule,2023-08-01,1,13.230635,13.230634689331055,13.230634689331055,1.794176,4.9287767
region,Maule,2023-09-01,1,9.256778,9.2567777633667,9.2567777633667,1.7442547,3.681819
region,Maule,2023-10-01,1,7.1529717,7.1529717445373535,7.1529717445373535,1.3165776,2.9143965
region,Maule,2023-11-01,1,13.319678,13.31967830657959,13.31967830657959,1.2254608,2.0188727
region,Maule,2023-12-01,1,7.632311,7.63231086730957,7.63231086730957,1.2078007,2.0878828
region,Maule,2024-01-01,1,7.832855,7.832855224609375,7.832855224609375,1.5854496,2.7266574
region,Maule,2024-02-01,1,8.210576,8.210576057434082,8.210576057434082,1.6097747,2.8272614
region,Maule,2024-03-01,1,10.714777,10.714776992797852,10.714776992797852,1.7062709,2.8281686
region,Maule,2024-04-01,1,13.718615,13.71861457824707,13.71861457824707,2.237827,3.629276
region,Maule,2024-05-01,1,17.21274,17.212739944458008,17.212739944458008,2.8809476,8.488199
region,Maule,2024-06-01,1,15.279706,15.279706001281738,15.279706001281738,2.3322213,4.2062793
region,Maule,2024-07-01,1,18.12324,18.123239517211914,18.123239517211914,2.1326427,6.7878113
region,Maule,2024-08-01,1,16.289663,16.289663314819336,16.289663314819336,1.8683609,4.6870694
region,Maule,2024-09-01,1,11.6539135,11.653913497924805,11.653913497924805,1.5366434,3.599812
region,Maule,2024-10-01,1,9.708008,9.7080078125,9.7080078125,1.4082872,3.2478511
region,Maule,2024-11-01,1,6.7016015,6.701601505279541,6.701601505279541,1.314434,1.7699785
region,Maule,2024-12-01,1,6.38502,6.385019779205322,6.385019779205322,1.2584647,2.183939
region,Biobío–Ñuble,2019-01-01,9,4.995591,2.8606584072113037,5.798367500305176,2.1084085,2.0997775
region,Biobío–Ñuble,2019-02-01,9,5.409633,3.9871277809143066,7.056078910827637,2.49963,2.7464776
region,Biobío–Ñuble,2019-03-01,10,6.588014,5.411623954772949,8.342514514923096,2.796305,3.0970125
region,Biobío–Ñuble,2019-04-01,11,7.68341,5.942177057266235,9.35321044921875,3.6539764,4.7600574
region,Biobío–Ñuble,2019-05-01,12,7.5067263,6.263198614120483,9.695151567459106,3.9758987,5.8215814
region,Biobío–Ñuble,2019-06-01,11,7.209177,4.146094083786011,8.749852657318115,3.3497176,4.2916603
region,Biobío–Ñuble,2019-07-01,12,7.395295,5.009794235229492,9.179511547088623,2.6982653,3.9968207
region,Biobío–Ñuble,2019-08-01,12,7.923712,6.170040488243103,10.03996467590332,2.8610146,4.017978
region,Biobío–Ñuble,2019-09-01,12,6.103289,5.048847436904907,7.14848530292511,2.3242738,2.8316867
region,Biobío–Ñuble,2019-10-01,12,4.744077,3.6571576595306396,5.6566561460494995,2.2083242,2.6165102
region,Biobío–Ñuble,2019-11-01,13,3.6378727,2.6560628414154053,5.107428550720215,1.9321587,1.6535256
region,Biobío–Ñuble,2019-12-01,13,3.6361508,3.2345874309539795,4.381199836730957,1.6408718,1.3402073
region,Biobío–Ñuble,2020-01-01,13,4.2063637,4.095141887664795,5.309823513031006,1.7543584,1.8713461
region,Biobío–Ñuble,2020-02-01,14,5.2508507,4.302926540374756,6.156776070594788,1.9003491,1.8963149
region,Biobío–Ñuble,2020-03-01,14,4.9725785,4.2837138175964355,5.978576064109802,2.2239144,2.5628128
region,Biobío–Ñuble,2020-04-01,14,6.140979,4.72539746761322,8.047958970069885,2.68173,3.468653
region,Biobío–Ñuble,2020-05-01,13,6.494633,5.110013961791992,7.805739402770996,3.2290661,4.8090076
region,Biobío–Ñuble,2020-06-01,14,5.7108755,4.436581134796143,8.13534927368164,2.600685,3.1028872
region,Biobío–Ñuble,2020-07-01,14,6.2792473,4.722591757774353,8.670986652374268,2.5165708,4.034997
region,Biobío–Ñuble,2020-08-01,12,6.034675,4.61485755443573,7.238670110702515,2.19701,3.2441583
region,Biobío–Ñuble,2020-09-01,12,5.7877817,4.190953731536865,7.468605279922485,2.3708704,3.1531034
region,Biobío–Ñuble,2020-10-01,12,5.4857936,3.797265589237213,6.396291613578796,2.1927402,2.3222659
region,Biobío–Ñuble,2020-11-01,12,4.2364736,3.104461133480072,4.618149399757385,1.7781458,1.9747478
region,Biobío–Ñuble,2020-12-01,16,4.61456,3.1453685760498047,5.001602649688721,1.5172089,1.5768933
region,Biobío–Ñuble,2021-01-01,16,6.9770765,3.3179903626441956,4.788203120231628,1.4800787,1.5569545
region,Biobío–Ñuble,2021-02-01,15,4.928101,3.298772931098938,6.393674373626709,1.9389879,2.270142
region,Biobío–Ñuble,2021-03-01,15,5.780561,3.9719618558883667,7.183867692947388,2.322218,2.7565851
region,Biobío–Ñuble,2021-04-01,15,6.1862335,5.024865388870239,7.462321758270264,2.7041762,2.9563646
region,Biobío–Ñuble,2021-05-01,15,7.802119,6.331776857376099,9.508624076843262,3.0252209,3.8723152
region,Biobío–Ñuble,2021-06-01,15,8.485911,6.021277904510498,10.212454319000244,2.9376457,3.6666346
region,Biobío–Ñuble,2021-07-01,15,8.772918,6.461782217025757,11.371916770935059,2.8896003,3.7860157
region,Biobío–Ñuble,2021-08-01,15,10.011008,5.910106182098389,10.283867835998535,2.3127787,3.1130862
region,Biobío–Ñuble,2021-09-01,15,8.923185,5.635315179824829,8.473698139190674,2.0163476,2.4476235
region,Biobío–Ñuble,2021-10-01,15,7.42441,4.933971405029297,7.3450446128845215,1.8282862,1.8775567
region,Biobío–Ñuble,2021-11-01,15,4.589089,3.133918285369873,4.8668153285980225,1.6052952,1.6451306
region,Biobío–Ñuble,2021-12-01,14,5.1613264,3.4299649000167847,5.779592871665955,1.6786102,1.9500024
region,Biobío–Ñuble,2022-01-01,16,3.9235313,3.108650803565979,4.3797019720077515,1.288575,1.4784253
region,Biobío–Ñuble,2022-02-01,16,5.410077,4.364487648010254,6.664833903312683,1.9672214,2.1613176
region,Biobío–Ñuble,2022-03-01,16,6.4782376,5.00963830947876,8.403586149215698,1.8480376,2.6120503
region,Biobío–Ñuble,2022-04-01,16,6.9860005,5.1869213581085205,8.571548223495483,2.1309962,2.4232767
region,Biobío–Ñuble,2022-05-01,16,8.951852,7.2188615798950195,11.672060489654541,3.2000616,4.1755195
region,Biobío–Ñuble,2022-06-01,16,7.6928015,4.603977918624878,11.43700098991394,3.4610612,3.9769642
region,Biobío–Ñuble,2022-07-01,16,7.62413,4.490478992462158,10.248982906341553,2.3159282,2.8024628
region,Biobío–Ñuble,2022-08-01,16,8.282532,5.848663926124573,9.745525360107422,2.3246787,3.053479
region,Biobío–Ñuble,2022-09-01,16,7.050408,4.9403053522109985,8.558498859405518,2.1962905,2.7119296
region,Biobío–Ñuble,2022-10-01,16,4.489012,2.8866060376167297,5.24686074256897,1.7222286,1.9391702
region,Biobío–Ñuble,2022-11-01,16,3.9773781,2.7985045313835144,5.035610795021057,1.6605705,1.8179864
region,Biobío–Ñuble,2022-12-01,16,4.3832045,2.904156744480133,5.285454988479614,1.4421827,1.6509879
region,Biobío–Ñuble,2023-01-01,16,4.14579,2.657026469707489,4.9191718101501465,1.3952045,1.7443321
region,Biobío–Ñuble,2023-02-01,16,6.606656,5.030988693237305,7.385044455528259,2.8557472,10.097401
region,Biobío–Ñuble,2023-03-01,16,6.427694,4.380957245826721,8.203009128570557,2.1497786,2.3259776
region,Biobío–Ñuble,2023-04-01,16,7.121883,4.9018778800964355,7.971799850463867,2.4820864,3.038834
region,Biobío–Ñuble,2023-05-01,16,7.716877,5.76878023147583,8.923303127288818,2.7754333,3.486534
region,Biobío–Ñuble,2023-06-01,16,7.428312,5.267537593841553,8.691744327545166,2.8000343,3.4962008
region,Biobío–Ñuble,2023-07-01,16,7.647024,5.548606276512146,8.619434118270874,2.6160367,3.7848043
region,Biobío–Ñuble,2023-08-01,16,6.9775624,5.08836817741394,8.518738508224487,2.2044892,2.9972036
region,Biobío–Ñuble,2023-09-01,16,5.579652,3.964244246482849,7.617591738700867,1.7456875,2.238404
region,Biobío–Ñuble,2023-10-01,16,5.6067405,4.88998281955719,7.272883176803589,1.8838395,2.016864
region,Biobío–Ñuble,2023-11-01,12,4.6158576,3.6993736624717712,5.666773438453674,1.7621912,1.6962478
region,Biobío–Ñuble,2023-12-01,12,3.9779284,3.176417648792267,4.4461976289749146,1.6519345,1.5838491
region,Biobío–Ñuble,2024-01-01,12,4.6342874,3.921428084373474,5.603556394577026,1.7378192,1.6508054
region,Biobío–Ñuble,2024-02-01,12,5.0429273,4.481637060642242,5.27801787853241,2.1186938,1.9557766
region,Biobío–Ñuble,2024-03-01,12,6.348547,5.175221562385559,7.400575637817383,2.3677406,2.2381136
region,Biobío–Ñuble,2024-04-01,12,6.6193175,4.751294851303101,8.423739433288574,2.745605,3.1568897
region,Biobío–Ñuble,2024-05-01,16,8.112217,5.975353717803955,10.343854904174805,3.551762,4.2323318
region,Biobío–Ñuble,2024-06-01,16,7.061062,4.32926332950592,7.4788817167282104,2.2726023,2.510469
region,Biobío–Ñuble,2024-07-01,16,10.612174,8.545736312866211,12.471495628356934,2.918633,3.9872348
region,Biobío–Ñuble,2024-08-01,16,7.921155,5.746776223182678,9.64096975326538,2.4009364,3.212814
region,Biobío–Ñuble,2024-09-01,16,5.781103,3.8984936475753784,6.951812744140625,1.9884588,2.3564684
region,Biobío–Ñuble,2024-10-01,16,5.576589,4.156702280044556,6.689483880996704,2.2153077,2.3639424
region,Biobío–Ñuble,2024-11-01,16,4.4141088,3.2082751989364624,5.049628853797913,1.4895407,1.6171296
region,Biobío–Ñuble,2024-12-01,16,4.422914,3.543874502182007,4.965636372566223,1.4519707,1.3632318
region,Araucanía,2019-01-01,1,3.4383774,3.4383773803710938,3.4383773803710938,1.7231364,2.0632913
region,Araucanía,2019-02-01,1,2.9584887,2.958488702774048,2.958488702774048,2.2694366,2.730695
region,Araucanía,2019-03-01,1,6.7177677,6.717767715454102,6.717767715454102,2.523312,3.2225947
region,Araucanía,2019-04-01,1,8.465105,8.465105056762695,8.465105056762695,3.59303,4.8874826
region,Araucanía,2019-05-01,1,11.498068,11.498067855834961,11.498067855834961,3.2452161,5.162342
region,Araucanía,2019-06-01,1,10.156843,10.156843185424805,10.156843185424805,2.7053692,3.7102969
region,Araucanía,2019-07-01,1,11.690897,11.690896987915039,11.690896987915039,2.1786306,4.131846
region,Araucanía,2019-08-01,1,10.1050005,10.105000495910645,10.105000495910645,2.407697,5.296358
region,Araucanía,2019-09-01,1,6.9547486,6.954748630523682,6.954748630523682,2.1882837,3.7103262
region,Araucanía,2019-10-01,1,6.31014,6.310140132904053,6.310140132904053,2.1652632,2.902274
region,Araucanía,2019-11-01,1,4.8740935,4.874093532562256,4.874093532562256,2.0210986,2.3892415
region,Araucanía,2019-12-01,1,2.505229,2.5052289962768555,2.5052289962768555,1.7603099,2.1389236
region,Araucanía,2020-01-01,1,2.2523546,2.252354621887207,2.252354621887207,1.7338324,2.041949
region,Araucanía,2020-02-01,1,4.883519,4.883519172668457,4.883519172668457,2.0934825,2.1695387
region,Araucanía,2020-03-01,1,3.2543418,3.2543418407440186,3.2543418407440186,2.9393985,3.4720924
region,Araucanía,2020-04-01,1,5.2458086,5.2458086013793945,5.2458086013793945,3.3518376,5.3152323
region,Araucanía,2020-05-01,1,8.081526,8.081525802612305,8.081525802612305,3.628658,5.4983096
region,Araucanía,2020-06-01,1,8.775851,8.775851249694824,8.775851249694824,2.5332108,3.4936666
region,Araucanía,2020-07-01,1,8.752178,8.752178192138672,8.752178192138672,2.2805603,4.4143167
region,Araucanía,2020-08-01,1,7.0248103,7.024810314178467,7.024810314178467,2.3933048,4.3988533
region,Araucanía,2020-09-01,1,4.43651,4.43651008605957,4.43651008605957,2.593291,3.9239602
region,Araucanía,2020-10-01,1,2.8033786,2.8033785820007324,2.8033785820007324,2.2124934,3.0263612
region,Araucanía,2020-11-01,1,2.0909944,2.090994358062744,2.090994358062744,1.9740314,2.4552543
region,Araucanía,2020-12-01,1,1.7960246,1.7960245609283447,1.7960245609283447,1.7449559,2.1031554
region,Araucanía,2021-01-01,1,1.8523962,1.8523962497711182,1.8523962497711182,1.7569381,1.9338441
region,Araucanía,2021-02-01,1,2.6562026,2.656202554702759,2.656202554702759,2.2875533,2.8161287
region,Araucanía,2021-03-01,1,4.6185656,4.618565559387207,4.618565559387207,3.056705,4.002868
region,Araucanía,2021-04-01,1,6.12279,6.1227898597717285,6.1227898597717285,3.602849,4.258705
region,Araucanía,2021-05-01,1,9.8905945,9.890594482421875,9.890594482421875,3.1390572,4.189933
region,Araucanía,2021-06-01,1,11.190962,11.190961837768555,11.190961837768555,2.6952553,4.0239015
region,Araucanía,2021-07-01,1,10.890691,10.890690803527832,10.890690803527832,3.1112118,5.431286
region,Araucanía,2021-08-01,1,8.432571,8.432571411132812,8.432571411132812,2.3443322,4.2172856
region,Araucanía,2021-09-01,1,7.3796644,7.379664421081543,7.379664421081543,2.4020498,3.9006767
region,Araucanía,2021-10-01,1,5.2553716,5.255371570587158,5.255371570587158,2.0204754,2.8477368
region,Araucanía,2021-11-01,1,2.360969,2.360969066619873,2.360969066619873,1.8995596,2.223177
region,Araucanía,2021-12-01,1,1.84327,1.843269944190979,1.843269944190979,1.7796478,2.0009248
region,Araucanía,2022-01-01,1,1.591289,1.5912890434265137,1.5912890434265137,1.7645736,1.8476079
region,Araucanía,2022-02-01,1,3.3214116,3.321411609649658,3.321411609649658,2.2369356,2.341694
region,Araucanía,2022-03-01,1,3.6622434,3.662243366241455,3.662243366241455,2.5276823,2.9578066
region,Araucanía,2022-04-01,1,5.484867,5.484867095947266,5.484867095947266,2.7386408,3.3181617
region,Araucanía,2022-05-01,1,8.855184,8.855183601379395,8.855183601379395,3.3460374,4.9165864
region,Araucanía,2022-06-01,1,9.706179,9.706178665161133,9.706178665161133,3.06582,4.2147703
region,Araucanía,2022-07-01,1,10.418432,10.418432235717773,10.418432235717773,2.30683,3.6783803
region,Araucanía,2022-08-01,1,10.997672,10.997672080993652,10.997672080993652,2.6546767,4.511161
region,Araucanía,2022-09-01,1,8.444375,8.444375038146973,8.444375038146973,2.6845148,3.9593148
region,Araucanía,2022-10-01,1,7.61427,7.614270210266113,7.614270210266113,2.013953,2.73266
region,Araucanía,2022-11-01,1,2.5910044,2.5910043716430664,2.5910043716430664,2.0046566,2.4903312
region,Araucanía,2022-12-01,1,3.6227345,3.622734546661377,3.622734546661377,1.7786261,1.8859323
region,Araucanía,2023-01-01,1,2.3111508,2.3111507892608643,2.3111507892608643,1.7004279,1.8646613
region,Araucanía,2023-02-01,1,2.3461936,2.346193552017212,2.346193552017212,2.4227064,2.524473
region,Araucanía,2023-03-01,1,5.6576395,5.657639503479004,5.657639503479004,3.3194823,4.4537845
region,Araucanía,2023-04-01,1,7.7034225,7.703422546386719,7.703422546386719,3.2055674,4.2518096
region,Araucanía,2023-05-01,1,10.145805,10.145805358886719,10.145805358886719,3.3608122,4.225017
region,Araucanía,2023-06-01,1,11.042199,11.04219913482666,11.04219913482666,2.8600671,4.0451627
region,Araucanía,2023-07-01,1,14.133727,14.133727073669434,14.133727073669434,2.5785677,4.3745847
region,Araucanía,2023-08-01,1,13.419352,13.419351577758789,13.419351577758789,2.537292,4.2724233
region,Araucanía,2023-09-01,1,9.932542,9.932541847229004,9.932541847229004,1.9995972,2.9555008
region,Araucanía,2023-10-01,1,6.1290994,6.129099369049072,6.129099369049072,1.9711758,2.9934611
region,Araucanía,2023-11-01,1,4.668366,4.668365955352783,4.668365955352783,1.788567,1.9924117
region,Araucanía,2023-12-01,1,3.5499187,3.5499186515808105,3.5499186515808105,1.638551,1.9509959
region,Araucanía,2024-01-01,1,2.3370705,2.3370704650878906,2.3370704650878906,1.826517,1.8692406
region,Araucanía,2024-02-01,1,2.5927777,2.592777729034424,2.592777729034424,2.3544195,2.0628643
region,Araucanía,2024-03-01,1,4.637118,4.637117862701416,4.637117862701416,2.8571022,3.2584329
region,Araucanía,2024-04-01,1,8.039921,8.039920806884766,8.039920806884766,2.678927,3.0987852
region,Araucanía,2024-05-01,1,13.087174,13.087174415588379,13.087174415588379,2.8926072,4.5184035
region,Araucanía,2024-06-01,1,13.135079,13.135079383850098,13.135079383850098,2.164958,2.8303013
region,Araucanía,2024-07-01,1,19.707985,19.707984924316406,19.707984924316406,3.022904,5.25066
region,Araucanía,2024-08-01,1,19.61123,19.611230850219727,19.611230850219727,2.9337664,5.242862
region,Araucanía,2024-09-01,1,17.791302,17.791301727294922,17.791301727294922,2.3099933,3.3599803
region,Araucanía,2024-10-01,1,13.608268,13.608267784118652,13.608267784118652,2.2157614,3.0993898
region,Araucanía,2024-11-01,1,8.628751,8.628750801086426,8.628750801086426,2.0724082,2.2436695
region,Araucanía,2024-12-01,1,4.888408,4.888408184051514,4.888408184051514,1.7189739,1.9887172
region,Los Ríos,2020-07-01,1,8.377831,8.37783145904541,8.37783145904541,1.1467588,1.798195
